"Country Name"	"Country Code"	"Series Name"	"Series Code"	"YR2000"	"YR2001"	"YR2002"	"YR2003"	"YR2004"	"YR2005"	"YR2006"	"YR2007"	"YR2008",
"Afghanistan"	"AFG"	"GNI, PPP (current international $)"	"NY.GNP.MKTP.PP.CD"	".."	".."	"13363842260.5041"	"16189862838.1941"	"19770160116.9631"	"24072301773.1771"	"25659739059.6109"	"30604557965.0809"	"..",
"Afghanistan"	"AFG"	"Population, total"	"SP.POP.TOTL"	".."	".."	".."	".."	".."	".."	".."	".."	"..",
"Albania"	"ALB"	"GNI, PPP (current international $)"	"NY.GNP.MKTP.PP.CD"	"13412809243.6037"	"14803367213.4254"	"15395968303.061"	"16635687201.626"	"18030702826.4404"	"19546302426.8104"	"21517881201.1166"	"23022784205.8679"	"24994245181.568",
"Albania"	"ALB"	"Population, total"	"SP.POP.TOTL"	"3067556"	"3069383"	"3076282"	"3086736"	"3098677"	"3110579"	"3121751"	"3132458"	"3143291",
"Algeria"	"DZA"	"GNI, PPP (current international $)"	"NY.GNP.MKTP.PP.CD"	"156174162266.228"	"167345971769.319"	"176720921152.884"	"192819665011.217"	"208097468879.366"	"224059956326.348"	"238429606002.847"	"258946303102.235"	"272838261977.68",
"Algeria"	"DZA"	"Population, total"	"SP.POP.TOTL"	"30506054"	"30954219"	"31413946"	"31885164"	"32365777"	"32854159"	"33351137"	"33852675.6019577"	"34361756.4046281",
"American Samoa"	"ASM"	"GNI, PPP (current international $)"	"NY.GNP.MKTP.PP.CD"	".."	".."	".."	".."	".."	".."	".."	".."	"..",
"American Samoa"	"ASM"	"Population, total"	"SP.POP.TOTL"	"57544.8406983429"	"58571.5004192275"	"59616.4768157636"	"60680.0966764675"	"61762.6926201019"	"62864.6031996938"	"63950.4596484479"	"65029.3607635464"	"66107.3979042079",
"Andorra"	"ADO"	"GNI, PPP (current international $)"	"NY.GNP.MKTP.PP.CD"	".."	".."	".."	".."	".."	".."	".."	".."	"..",
"Andorra"	"ADO"	"Population, total"	"SP.POP.TOTL"	".."	".."	".."	"69740"	"74598"	"77712"	"79886"	"82180"	"83810.5",
"Angola"	"AGO"	"GNI, PPP (current international $)"	"NY.GNP.MKTP.PP.CD"	"26486688404.8321"	"28296308191.5219"	"34206444832.7208"	"36927980672.8615"	"42153490648.7213"	"52117074239.8971"	"64484843177.8821"	"77203674656.2956"	"90456599311.9498",
"Angola"	"AGO"	"Population, total"	"SP.POP.TOTL"	"14279518"	"14704383"	"15164026"	"15646832"	"16135465"	"16617589"	"17089111"	"17554585"	"18020668",
"Antigua and Barbuda"	"ATG"	"GNI, PPP (current international $)"	"NY.GNP.MKTP.PP.CD"	".."	"958310832.65664"	"976409708.529112"	".."	".."	"1260915513.7964"	"1487208031.5122"	"1641443736.3637"	"1759724238.81851",
"Antigua and Barbuda"	"ATG"	"Population, total"	"SP.POP.TOTL"	"76781"	"78274"	"79609"	"80816"	"81947"	"83039"	"84097"	"84813.5400587651"	"85536.1853252762",
"Argentina"	"ARG"	"GNI, PPP (current international $)"	"NY.GNP.MKTP.PP.CD"	"327074535723.286"	"319462360377.843"	"276356635277.445"	"311097669356.567"	"350146810963.086"	"403908730876.086"	"456637458636.135"	"512408064974.433"	"559153305382.716",
"Argentina"	"ARG"	"Population, total"	"SP.POP.TOTL"	"36895712"	"37274397"	"37642174"	"38005141"	"38371527"	"38747148"	"39134297"	"39503466.0477389"	"39876117.6107203",
"Armenia"	"ARM"	"GNI, PPP (current international $)"	"NY.GNP.MKTP.PP.CD"	"6416324379.16375"	"7217941620.96726"	"8369839343.577"	"9712889434.61745"	"11002301139.6407"	"12899137008.0772"	"15159676418.9475"	"17635988317.8137"	"19416943135.0495",
"Armenia"	"ARM"	"Population, total"	"SP.POP.TOTL"	"3075811"	"3065426"	"3060592"	"3059964"	"3061844"	"3064925"	"3068475"	"3072450"	"3077087",
"Aruba"	"ABW"	"GNI, PPP (current international $)"	"NY.GNP.MKTP.PP.CD"	".."	".."	".."	".."	".."	".."	".."	".."	"..",
"Aruba"	"ABW"	"Population, total"	"SP.POP.TOTL"	"90657"	"92739"	"94911"	"97092"	"99164"	"101036"	"102698"	"104176"	"105455",
"Australia"	"AUS"	"GNI, PPP (current international $)"	"NY.GNP.MKTP.PP.CD"	"477224559391.889"	"503298513944.527"	"535769873491.31"	"561785124800.487"	"597360012178.308"	"622544313275.513"	"660328679288.652"	"701950796422.013"	"727492009915",
"Australia"	"AUS"	"Population, total"	"SP.POP.TOTL"	"19153000"	"19413000"	"19651400"	"19895400"	"20127400"	"20394800"	"20697900"	"21015000"	"21374000",
"Austria"	"AUT"	"GNI, PPP (current international $)"	"NY.GNP.MKTP.PP.CD"	"228909965215.372"	"229713846758.041"	"243507298488.468"	"253382417697.283"	"267782713725.24"	"273923286678.359"	"288973487133.697"	"305585475953.451"	"314453570110.617",
"Austria"	"AUT"	"Population, total"	"SP.POP.TOTL"	"8011560.50891186"	"8043015.63768939"	"8083639.29752868"	"8117800"	"8174700"	"8233300"	"8282424"	"8315427"	"8344319",
"Azerbaijan"	"AZE"	"GNI, PPP (current international $)"	"NY.GNP.MKTP.PP.CD"	"16773193733.8099"	"18782103502.9575"	"21073477980.6738"	"23957637770.1455"	"26582189099.9559"	"33040791077.7092"	"45659871722.5898"	"56871218560.5215"	"67411128883.3581",
"Azerbaijan"	"AZE"	"Population, total"	"SP.POP.TOTL"	"8048534.78590979"	"8111143.77877744"	"8171892.8957739"	"8234039.36412743"	"8306399.79834826"	"8391850"	"8484550"	"8581279"	"8678851",
"Bahamas, The"	"BHS"	"GNI, PPP (current international $)"	"NY.GNP.MKTP.PP.CD"	".."	".."	".."	".."	".."	".."	".."	".."	"..",
"Bahamas, The"	"BHS"	"Population, total"	"SP.POP.TOTL"	"303150"	"307333"	"311397"	"315379"	"319333"	"323295"	"327279"	"331140.373760788"	"335047.305615192",
"Bahrain"	"BHR"	"GNI, PPP (current international $)"	"NY.GNP.MKTP.PP.CD"	"13021503327.9699"	"13769310724.7109"	"14420191126.0066"	"15977089309.1181"	"17345656480.1841"	"19719535611.6497"	".."	".."	"..",
"Bahrain"	"BHR"	"Population, total"	"SP.POP.TOTL"	"650080"	"664889"	"679991"	"695192"	"710195"	"724788"	"738913"	"752788.970589759"	"766925.516592061",
"Bangladesh"	"BGD"	"GNI, PPP (current international $)"	"NY.GNP.MKTP.PP.CD"	"115287961216.179"	"124066112286.693"	"133217244317.288"	"144475295587.89"	"157577591505.148"	"172087969083.679"	"191870010833.436"	"211439535559.746"	"230582996683.22",
"Bangladesh"	"BGD"	"Population, total"	"SP.POP.TOTL"	"140766909"	"143288578"	"145797298"	"148281341"	"150726249"	"153122039"	"155463091"	"157752512"	"160000128",
"Barbados"	"BRB"	"GNI, PPP (current international $)"	"NY.GNP.MKTP.PP.CD"	".."	".."	".."	".."	".."	"4711330253.19751"	".."	".."	"..",
"Barbados"	"BRB"	"Population, total"	"SP.POP.TOTL"	"251656"	"251331"	"251470"	"251955"	"252596"	"253251"	"253890"	"254543"	"255203",
"Belarus"	"BLR"	"GNI, PPP (current international $)"	"NY.GNP.MKTP.PP.CD"	"51245449913.7198"	"54935127185.0653"	"58843536516.7371"	"64507964208.2622"	"73900002315.6483"	"83644865134.0284"	"94439249933.3187"	"104654652636.861"	"117618007251.286",
"Belarus"	"BLR"	"Population, total"	"SP.POP.TOTL"	"10005000"	"9970260.05529868"	"9925000"	"9873968.35117472"	"9824469.45132408"	"9775591.4938548"	"9732500"	"9702000"	"9680850",
"Belgium"	"BEL"	"GNI, PPP (current international $)"	"NY.GNP.MKTP.PP.CD"	"288561781013.423"	"296773864623.152"	"313255149107.82"	"317037107352.294"	"326259594255.163"	"337531097929.925"	"356856133440.506"	"375270057161.876"	"372114812960.398",
"Belgium"	"BEL"	"Population, total"	"SP.POP.TOTL"	"10252000"	"10287000"	"10333000"	"10376080.1423273"	"10421120.6096082"	"10478650"	"10547958"	"10625700"	"10703957",
"Belize"	"BLZ"	"GNI, PPP (current international $)"	"NY.GNP.MKTP.PP.CD"	"1157028928.52775"	"1219833665.92856"	"1311474847.249"	"1456144651.39743"	"1531126477.03707"	"1637379871.31774"	"1778972186.28773"	"1847088026.81186"	"1874564039.71971",
"Belize"	"BLZ"	"Population, total"	"SP.POP.TOTL"	"249800"	"257300"	"265200"	"273700"	"282600"	"291800"	"297600"	"303991.155176035"	"310519.564601009",
"Benin"	"BEN"	"GNI, PPP (current international $)"	"NY.GNP.MKTP.PP.CD"	"7493651699.0784"	"8029077901.62613"	"8534428136.59898"	"9032031551.18014"	"9595440623.58281"	"10229954473.9211"	"11027171878.9356"	"11840792293.2908"	"12661281225.2309",
"Benin"	"BEN"	"Population, total"	"SP.POP.TOTL"	"6659331"	"6879133"	"7112926"	"7358142"	"7610730"	"7867626"	"8128208"	"8393132"	"8662086",
"Bermuda"	"BMU"	"GNI, PPP (current international $)"	"NY.GNP.MKTP.PP.CD"	".."	".."	".."	".."	".."	".."	".."	".."	"..",
"Bermuda"	"BMU"	"Population, total"	"SP.POP.TOTL"	"62131"	"62460"	"62750"	"63040"	"63320"	"63570"	"63800"	"64000"	"64200",
"Bhutan"	"BTN"	"GNI, PPP (current international $)"	"NY.GNP.MKTP.PP.CD"	"1305683437.64299"	"1460680417.62604"	"1607500678.27607"	"1769310648.49426"	"1939221929.11056"	"2144812838.35298"	"2343293158.14204"	"2735299067.21666"	"3348862622.07376",
"Bhutan"	"BTN"	"Population, total"	"SP.POP.TOTL"	"561175"	"578283"	"596729"	"615533"	"633516"	"649839"	"663964"	"676040"	"686789",
"Bolivia"	"BOL"	"GNI, PPP (current international $)"	"NY.GNP.MKTP.PP.CD"	"24346990066.7433"	"25377014562.4206"	"26463925278.4197"	"27434801170.6827"	"29201702459.0321"	"39671319434.2343"	"40222340130.1887"	"37698354674.6413"	"40097794062.8431",
"Bolivia"	"BOL"	"Population, total"	"SP.POP.TOTL"	"8316648"	"8488241"	"8661336"	"8835246"	"9009045"	"9182015"	"9353846"	"9517537.28157844"	"9684093.14267474",
"Bosnia and Herzegovina"	"BIH"	"GNI, PPP (current international $)"	"NY.GNP.MKTP.PP.CD"	"18128659499.5579"	"19146423967.6614"	"20191797300.1544"	"21191566785.2442"	"22793065578.065"	"24562771268.3794"	"27133904750.9188"	"30250284079.6704"	"32530337461.6539",
"Bosnia and Herzegovina"	"BIH"	"Population, total"	"SP.POP.TOTL"	"3693578"	"3748354"	"3776053"	"3783067"	"3781764"	"3781274"	"3781488"	"3778410"	"3773100",
"Botswana"	"BWA"	"GNI, PPP (current international $)"	"NY.GNP.MKTP.PP.CD"	"14370921811.219"	"16044854369.5577"	"15223581298.2222"	"17110949084.596"	"18532409749.4478"	"20401692027.555"	"21905152006.3507"	"24007473227.571"	"24963946268.8589",
"Botswana"	"BWA"	"Population, total"	"SP.POP.TOTL"	"1728872"	"1753407"	"1775148"	"1795203"	"1815097"	"1835938"	"1858163"	"1881431.5257196"	"1904991.42753977",
"Brazil"	"BRA"	"GNI, PPP (current international $)"	"NY.GNP.MKTP.PP.CD"	"1186693554403.78"	"1225936805538.96"	"1282863794672.14"	"1329242170709.35"	"1448702565596.63"	"1543615076188.07"	"1662065550271.68"	"1807891477171.27"	"1932907750355.74",
"Brazil"	"BRA"	"Population, total"	"SP.POP.TOTL"	"174174447"	"176659138"	"179123364"	"181537359"	"183863524"	"186074634"	"188158438"	"190119995"	"191971506",
"Brunei Darussalam"	"BRN"	"GNI, PPP (current international $)"	"NY.GNP.MKTP.PP.CD"	"14028004892.0919"	"14760119224.1281"	"15599955342.3331"	"16395068630.3755"	"16951087317.6337"	"17566847253.9269"	"18917364282.277"	"19540285655.0137"	"..",
"Brunei Darussalam"	"BRN"	"Population, total"	"SP.POP.TOTL"	"333469"	"341416"	"349456"	"357562"	"365697"	"373831"	"381952"	"389252.038242555"	"396691.598096052",
"Bulgaria"	"BGR"	"GNI, PPP (current international $)"	"NY.GNP.MKTP.PP.CD"	"48344326308.5799"	"53272614161.774"	"59646222462.4119"	"63135490199.6534"	"68167561889.0439"	"71659149973.4862"	"77602605599.1632"	"82652859568.4077"	"91137386768.2749",
"Bulgaria"	"BGR"	"Population, total"	"SP.POP.TOTL"	"8060000"	"7910000"	"7869000"	"7823000"	"7781000"	"7740000"	"7699020"	"7659764"	"7623395",
"Burkina Faso"	"BFA"	"GNI, PPP (current international $)"	"NY.GNP.MKTP.PP.CD"	"9405160504.54676"	"10268723670.3053"	"10957877674.352"	"12094603113.9808"	"13005656732.6382"	"14253852589.6505"	"15520579804.169"	"16511491421.2642"	"17626082322.2699",
"Burkina Faso"	"BFA"	"Population, total"	"SP.POP.TOTL"	"11881774"	"12261952"	"12663998"	"13081911"	"13507102"	"13933363"	"14358500"	"14777431.326047"	"15208585.6179988",
"Burundi"	"BDI"	"GNI, PPP (current international $)"	"NY.GNP.MKTP.PP.CD"	"2034267264.14004"	"2045310797.11009"	"2166570458.21188"	"2167142601.70865"	"2343999347.5747"	"2447833643.94075"	"2695634576.74285"	"2877162330.84531"	"3078788238.59625",
"Burundi"	"BDI"	"Population, total"	"SP.POP.TOTL"	"6472622"	"6603696"	"6766563"	"6955720"	"7162083"	"7378129"	"7603492"	"7837981"	"8074254",
"Cambodia"	"KHM"	"GNI, PPP (current international $)"	"NY.GNP.MKTP.PP.CD"	"11031225203.1607"	"12189106526.9352"	"13146015324.2841"	"14602622108.54"	"16538614548.9985"	"19350336774.0807"	"22099778742.6977"	"24916689715.6764"	"26804145880.0708",
"Cambodia"	"KHM"	"Population, total"	"SP.POP.TOTL"	"12779568"	"13023501"	"13258758"	"13489330"	"13720274"	"13955507"	"14196611"	"14446056.4739888"	"14699884.898563",
"Cameroon"	"CMR"	"GNI, PPP (current international $)"	"NY.GNP.MKTP.PP.CD"	"24150790244.9259"	"26310345071.1799"	"27321327793.5942"	"29747179408.9135"	"32166630889.4891"	"33886810280.114"	"36594679130.732"	"39282175188.9199"	"41280848651.6009",
"Cameroon"	"CMR"	"Population, total"	"SP.POP.TOTL"	"15860778"	"16240110"	"16627376"	"17018907"	"17409433"	"17795149"	"18174696"	"18532798.5570063"	"18897956.937193",
"Canada"	"CAN"	"GNI, PPP (current international $)"	"NY.GNP.MKTP.PP.CD"	"850276860848.298"	"884236574211.043"	"914346677215.212"	"966297605589.605"	"1028354053044.88"	"1112797461335.36"	"1191294809643.63"	"1170661449747.26"	"1206457925384.97",
"Canada"	"CAN"	"Population, total"	"SP.POP.TOTL"	"30769700"	"31081900"	"31362000"	"31676000"	"31995000"	"32312000"	"32649000"	"32976000"	"33311389",
"Cape Verde"	"CPV"	"GNI, PPP (current international $)"	"NY.GNP.MKTP.PP.CD"	"913332124.137206"	"981165898.691324"	"1036038571.66606"	"1121913144.39851"	"1147498018.55459"	"1243515672.55248"	"1415446457.79737"	"1584845943.92082"	"1720297711.35868",
"Cape Verde"	"CPV"	"Population, total"	"SP.POP.TOTL"	"438971"	"446872"	"454706"	"462440"	"470028"	"477438"	"484659"	"491717"	"498672",
"Cayman Islands"	"CYM"	"GNI, PPP (current international $)"	"NY.GNP.MKTP.PP.CD"	".."	".."	".."	".."	".."	".."	".."	".."	"..",
"Cayman Islands"	"CYM"	"Population, total"	"SP.POP.TOTL"	"40200"	"41350"	"42452"	"43574"	"40242"	"44403"	"52818.5"	"53528.5"	"54248.0440044681",
"Central African Republic"	"CAF"	"GNI, PPP (current international $)"	"NY.GNP.MKTP.PP.CD"	"2475023387.14681"	"2555354204.22451"	"2583233857.60636"	"2453168636.18062"	"2550895084.57643"	"2696016698.44356"	"2888772017.02945"	"3079894869.08624"	"3217466566.03254",
"Central African Republic"	"CAF"	"Population, total"	"SP.POP.TOTL"	"3863718"	"3933039"	"3997410"	"4059572"	"4123325"	"4191429"	"4264806"	"4343404.85729193"	"4423452.26356067",
"Chad"	"TCD"	"GNI, PPP (current international $)"	"NY.GNP.MKTP.PP.CD"	"6491817485.23644"	"7418975638.46852"	"8049726868.7037"	"8098772116.32745"	"11264518265.9935"	"12291677563.315"	"12569887077.0895"	"13120956021.7345"	"12893474176.8684",
"Chad"	"TCD"	"Population, total"	"SP.POP.TOTL"	"8465430"	"8782786"	"9118887"	"9465233"	"9810218"	"10145609"	"10468179"	"10763638.4151677"	"11067437.032981",
"Channel Islands"	"CHI"	"GNI, PPP (current international $)"	"NY.GNP.MKTP.PP.CD"	".."	".."	".."	".."	".."	".."	".."	".."	"..",
"Channel Islands"	"CHI"	"Population, total"	"SP.POP.TOTL"	"146714"	"147168"	"147576"	"147944"	"148289"	"148622"	"148944"	"149207.300987451"	"149471.06743447",
"Chile"	"CHL"	"GNI, PPP (current international $)"	"NY.GNP.MKTP.PP.CD"	"137376177793.378"	"145706635554.265"	"150562431468.629"	"156807279480.124"	"167117580474.851"	"180818728583.757"	"187160734941.398"	"203863555766.376"	"222403661680.929",
"Chile"	"CHL"	"Population, total"	"SP.POP.TOTL"	"15411830"	"15596338"	"15775677"	"15951029"	"16123815"	"16295102"	"16432674"	"16594596.4396281"	"16758114.4124272",
"China"	"CHN"	"GNI, PPP (current international $)"	"NY.GNP.MKTP.PP.CD"	"2940058905294.13"	"3253398642472.98"	"3626942882773.19"	"4097314959993.51"	"4654499720226.28"	"5339642485817.05"	"6152632729068.3"	"7154458567164.22"	"7984041157696.86",
"China"	"CHN"	"Population, total"	"SP.POP.TOTL"	"1262645000"	"1271850000"	"1280400000"	"1288400000"	"1296157471.63539"	"1303720000"	"1311020000"	"1318309724.22851"	"1325639981.84273",
"Colombia"	"COL"	"GNI, PPP (current international $)"	"NY.GNP.MKTP.PP.CD"	"220858293505.393"	"230329866430.891"	"239540469442.607"	"254177323385.699"	"273480393467.171"	"298427741045.308"	"329622875222.27"	"363372288239.593"	"379106526187.521",
"Colombia"	"COL"	"Population, total"	"SP.POP.TOTL"	"39781000"	"40447000"	"41088000"	"41706000"	"42306000"	"42889000"	"43439000"	"43987000"	"44534000",
"Comoros"	"COM"	"GNI, PPP (current international $)"	"NY.GNP.MKTP.PP.CD"	"523200432.342429"	"554484804.796112"	"583883734.70394"	"610652100.283877"	"625283096.366275"	"672629492.264233"	"707636782.712346"	"732380863.296782"	"753839717.856271",
"Comoros"	"COM"	"Population, total"	"SP.POP.TOTL"	"540327.363824637"	"551857.13148219"	"563632.92692056"	"575660"	"587943.712604829"	"600489.541033855"	"613605.977346319"	"628410.060713836"	"643571.312838574",
"Congo, Dem. Rep."	"ZAR"	"GNI, PPP (current international $)"	"NY.GNP.MKTP.PP.CD"	"10455207882.6184"	"10508699205.6401"	"11477008449.2643"	"12670077154.8038"	"13752931052.4904"	"15097103749.1146"	"16505470670.6529"	"17806803370.6874"	"18384967359.9213",
"Congo, Dem. Rep."	"ZAR"	"Population, total"	"SP.POP.TOTL"	"50688722"	"52035969"	"53536754"	"55174963"	"56917959"	"58740547"	"60643890"	"62399224.1428672"	"64205366.3383366",
"Congo, Rep."	"COG"	"GNI, PPP (current international $)"	"NY.GNP.MKTP.PP.CD"	"6049563201.67671"	"6384514369.94091"	"7073322788.84489"	"7578967327.19484"	"8034129706.03379"	"8849524240.39712"	"10093354572.2782"	"9596393732.91188"	"11155914594.7887",
"Congo, Rep."	"COG"	"Population, total"	"SP.POP.TOTL"	"3035508"	"3103314"	"3179660"	"3260769"	"3341052"	"3416654"	"3486073"	"3551105"	"3615152",
"Costa Rica"	"CRI"	"GNI, PPP (current international $)"	"NY.GNP.MKTP.PP.CD"	"26006465184.7552"	"27989978802.2715"	"29477790497.6731"	"31880234068.3334"	"34152643293.7856"	"37419724534.5794"	"42286365936.4207"	"46909021926.9743"	"49551195772.1381",
"Costa Rica"	"CRI"	"Population, total"	"SP.POP.TOTL"	"3928797"	"4014435"	"4096943"	"4176372"	"4253037"	"4327228"	"4398770"	"4462192.60258227"	"4526529.64863813",
"Cote d'Ivoire"	"CIV"	"GNI, PPP (current international $)"	"NY.GNP.MKTP.PP.CD"	"24775746381.8309"	"25566036314.3522"	"25665217147.8724"	"25991181082.6344"	"27390131571.5894"	"28700361364.5578"	"29785726248.3561"	"31105846887.311"	"32589791562.7746",
"Cote d'Ivoire"	"CIV"	"Population, total"	"SP.POP.TOTL"	"17281479"	"17688037"	"18074853"	"18453355"	"18839434"	"19244866"	"19673411"	"20122796"	"20591302",
"Croatia"	"HRV"	"GNI, PPP (current international $)"	"NY.GNP.MKTP.PP.CD"	"46849136657.1431"	"50144865390.575"	"54537043418.3731"	"56906935508.5069"	"62376116998.1601"	"65683121930.9177"	"71322795082.5248"	"79129665241.5781"	"81674318571.9136",
"Croatia"	"HRV"	"Population, total"	"SP.POP.TOTL"	"4426000"	"4440000"	"4440000"	"4440000"	"4439400"	"4442000"	"4440000"	"4435982"	"4434189",
"Cuba"	"CUB"	"GNI, PPP (current international $)"	"NY.GNP.MKTP.PP.CD"	".."	".."	".."	".."	".."	".."	".."	".."	"..",
"Cuba"	"CUB"	"Population, total"	"SP.POP.TOTL"	"11142065"	"11173872"	"11202599"	"11227307"	"11246670"	"11259905"	"11266701"	"11257013.262075"	"11247333.8542074",
"Cyprus"	"CYP"	"GNI, PPP (current international $)"	"NY.GNP.MKTP.PP.CD"	"12594767338.2358"	"13887378564.5136"	"14679813922.3107"	"15410328054.4683"	"16491418142.6255"	"17811105855.0362"	"19101561492.4819"	"20548739829.8546"	"..",
"Cyprus"	"CYP"	"Population, total"	"SP.POP.TOTL"	"786339"	"796883"	"807132"	"817095"	"826812"	"836321"	"845605"	"854673"	"863624",
"Czech Republic"	"CZE"	"GNI, PPP (current international $)"	"NY.GNP.MKTP.PP.CD"	"150353634085.072"	"159847758432.905"	"164036363522.922"	"175087088357.235"	"186139049980.7"	"198406504923.103"	"212831003271.984"	"229043489773.998"	"237610361291.428",
"Czech Republic"	"CZE"	"Population, total"	"SP.POP.TOTL"	"10273300"	"10224000"	"10204853"	"10207362"	"10216016"	"10235828"	"10269134"	"10334160"	"10427869",
"Denmark"	"DNK"	"GNI, PPP (current international $)"	"NY.GNP.MKTP.PP.CD"	"150426150880.432"	"155510945760.061"	"163392827214.927"	"163071986679.389"	"175391865203.701"	"182737009795.827"	"194641230177.091"	"200956886758.256"	"204958392356.234",
"Denmark"	"DNK"	"Population, total"	"SP.POP.TOTL"	"5337344"	"5355082"	"5374255"	"5387174"	"5401177"	"5415978"	"5437272"	"5461438"	"5497525",
"Djibouti"	"DJI"	"GNI, PPP (current international $)"	"NY.GNP.MKTP.PP.CD"	"1169586894.62455"	"1214200521.92388"	"1272820237.3912"	"1414910294.54255"	"1533039275.30368"	"1628194823.16997"	"1752337341.96566"	"1867346875.52252"	"1972216220.5189",
"Djibouti"	"DJI"	"Population, total"	"SP.POP.TOTL"	"729736"	"747302"	"762775"	"776784"	"790344"	"804206"	"818508"	"832991.99015799"	"847732.2832121",
"Dominica"	"DMA"	"GNI, PPP (current international $)"	"NY.GNP.MKTP.PP.CD"	"381437594.437198"	"402192108.143295"	"386525980.900204"	"406294746.885859"	"436104376.701313"	"475522131.814327"	"501486873.69624"	"573855750.710594"	"607182861.899054",
"Dominica"	"DMA"	"Population, total"	"SP.POP.TOTL"	"71326"	"71079"	"71079"	"71212.8282948678"	"71471"	"72000"	"72395.6282190468"	"72793.4303504229"	"73193.4183394208",
"Dominican Republic"	"DOM"	"GNI, PPP (current international $)"	"NY.GNP.MKTP.PP.CD"	"42071628125.7341"	"43843501127.7129"	"47217752374.4003"	"46987940310.6933"	"48065907330.1603"	"55802818108.7217"	"64000930118.7797"	"71357060713.5494"	"77637088091.6606",
"Dominican Republic"	"DOM"	"Population, total"	"SP.POP.TOTL"	"8743983"	"8889627"	"9034837"	"9179758"	"9324633"	"9469601"	"9614670"	"9725568.981593"	"9837747.11100057",
"East Asia & Pacific"	"EAP"	"GNI, PPP (current international $)"	"NY.GNP.MKTP.PP.CD"	"4271322121348.44"	"4672362231759.05"	"5147033552536.01"	"5739024509957.33"	"6445570599307.65"	"7314578821212.04"	"8274615666907.45"	"9445830081977.36"	"10425914895684.3",
"East Asia & Pacific"	"EAP"	"Population, total"	"SP.POP.TOTL"	"1807457478.42866"	"1824345673.75288"	"1840647726.61115"	"1856584467.30187"	"1872247071.83444"	"1887647285.23935"	"1902162550.83904"	"1916631848.41319"	"1931175566.14068",
"Ecuador"	"ECU"	"GNI, PPP (current international $)"	"NY.GNP.MKTP.PP.CD"	"54498784554.7068"	"60446691806.4228"	"64830475413.7357"	"68511166400.6032"	"75721383745.6936"	"83395609871.276"	"89886853650.3609"	"94770545875.9379"	"104645428826.46",
"Ecuador"	"ECU"	"Population, total"	"SP.POP.TOTL"	"12305544"	"12466023"	"12620880"	"12770998"	"12917362"	"13060993"	"13201995"	"13339580.4834108"	"13478599.8232383",
"Egypt, Arab Rep."	"EGY"	"GNI, PPP (current international $)"	"NY.GNP.MKTP.PP.CD"	"250351690825.558"	"265139594125.956"	"276596523126.416"	"288835474163.743"	"308605112907.37"	"332431150226.626"	"369072865888.991"	"407330145880.219"	"445373945162.441",
"Egypt, Arab Rep."	"EGY"	"Population, total"	"SP.POP.TOTL"	"70173793"	"71518343"	"72894015"	"74296319"	"75718360"	"77154409"	"78602081"	"80060540"	"81527172",
"El Salvador"	"SLV"	"GNI, PPP (current international $)"	"NY.GNP.MKTP.PP.CD"	"26742038251.6655"	"27855279234.5207"	"28906397543.3071"	"30031043049.8672"	"31437195978.5637"	"33300245955.3405"	"35996018036.3111"	"38646065144.2794"	"40920181165.4963",
"El Salvador"	"SLV"	"Population, total"	"SP.POP.TOTL"	"5945317"	"5972541"	"5995843"	"6016772"	"6037194"	"6058580"	"6081703"	"6106761"	"6133910",
"Equatorial Guinea"	"GNQ"	"GNI, PPP (current international $)"	"NY.GNP.MKTP.PP.CD"	"2817539000.00451"	"3292915744.10162"	"4358310126.88904"	"4420040592.38786"	"5870667151.87532"	"7658025588.9861"	"8468829474.90524"	"10421036307.6912"	"14305069917.3117",
"Equatorial Guinea"	"GNQ"	"Population, total"	"SP.POP.TOTL"	"528882"	"544595"	"560402"	"576342"	"592466"	"608807"	"625394"	"642210"	"659197",
"Eritrea"	"ERI"	"GNI, PPP (current international $)"	"NY.GNP.MKTP.PP.CD"	"2222999874.39944"	"2468295315.53394"	"2572420829.09694"	"2539061027.07204"	"2628207191.57778"	"2828980607.11733"	"2893709039.50371"	"3009841069.6494"	"3134348959.50736",
"Eritrea"	"ERI"	"Population, total"	"SP.POP.TOTL"	"3684296"	"3833443"	"3999407"	"4175647"	"4353526"	"4526722"	"4692115"	"4841772.66154327"	"4996203.73884012",
"Estonia"	"EST"	"GNI, PPP (current international $)"	"NY.GNP.MKTP.PP.CD"	"12908073445.1017"	"13848931242.0786"	"15525668293.4675"	"17113163232.2398"	"18818286318.794"	"21180780744.7944"	"23590490793.5847"	"25265730185.6895"	"25847777247.1106",
"Estonia"	"EST"	"Population, total"	"SP.POP.TOTL"	"1369512.61479732"	"1364097.50497463"	"1358641.01509192"	"1353520.14946213"	"1348998.5174195"	"1346100"	"1343547"	"1341672"	"1340638",
"Ethiopia"	"ETH"	"GNI, PPP (current international $)"	"NY.GNP.MKTP.PP.CD"	"30371800410.6008"	"33722064843.5726"	"34873041011.4037"	"34754621716.4198"	"40662794697.5552"	"47099620408.7645"	"53879067399.42"	"61651991895.8202"	"70156598108.4282",
"Ethiopia"	"ETH"	"Population, total"	"SP.POP.TOTL"	"65514626"	"67272331"	"69058616"	"70880658"	"72746225"	"74660901"	"76627697"	"78646128"	"80713434",
"Europe & Central Asia"	"ECA"	"GNI, PPP (current international $)"	"NY.GNP.MKTP.PP.CD"	"2749095748044.78"	"2906236487023.48"	"3077364563777.81"	"3290352897457.58"	"3685194584821.88"	"4045450579814.82"	"4483006368172.18"	"4965260546218.17"	"5393173949313.42",
"Europe & Central Asia"	"ECA"	"Population, total"	"SP.POP.TOTL"	"438787676.925103"	"438635170.080748"	"438430032.978281"	"438520195.493917"	"438671675.093188"	"438961460.493855"	"439398138"	"440241715.182623"	"441347675.192615",
"Euro area"	"EMU"	"GNI, PPP (current international $)"	"NY.GNP.MKTP.PP.CD"	"7684206592247.58"	"8081068917793.06"	"8367726466322.36"	"8579978287389.48"	"9013313576032.53"	"9457658157575.46"	"10005530408526.2"	"10555229863435.5"	"10830478353536.7",
"Euro area"	"EMU"	"Population, total"	"SP.POP.TOTL"	"311621589.075185"	"312902306.398113"	"314654107.851321"	"316740114.680399"	"318707859.372565"	"320530529"	"322346218"	"324167256"	"325946527",
"Faeroe Islands"	"FRO"	"GNI, PPP (current international $)"	"NY.GNP.MKTP.PP.CD"	".."	".."	".."	".."	".."	".."	".."	".."	"..",
"Faeroe Islands"	"FRO"	"Population, total"	"SP.POP.TOTL"	"45748.5"	"46552.5"	"47314.5"	"47923"	"48257.5"	"48253.5"	"48248.5"	"48380"	"48511.858399743",
"Fiji"	"FJI"	"GNI, PPP (current international $)"	"NY.GNP.MKTP.PP.CD"	"2804586892.03733"	"2848751559.41929"	"3040918409.43241"	"3113106891.22709"	"3371165329.98635"	"3555397326.17508"	"3601752295.28482"	"3510081864.9479"	"3577637323.159",
"Fiji"	"FJI"	"Population, total"	"SP.POP.TOTL"	"798878.655211251"	"804515.251837583"	"810149.431611343"	"815521.488385555"	"820625.699158657"	"825456.602034328"	"829855.579623343"	"834278"	"838723.988094304",
"Finland"	"FIN"	"GNI, PPP (current international $)"	"NY.GNP.MKTP.PP.CD"	"131854667041.925"	"138006957261.312"	"143924074639.757"	"142551030026.884"	"157432202454.358"	"161887841657.208"	"173343310324.859"	"183862224359.337"	"189474870317.073",
"Finland"	"FIN"	"Population, total"	"SP.POP.TOTL"	"5176197.68073052"	"5187995.41152457"	"5200596.87632102"	"5212995.69441602"	"5228143.17133722"	"5246100"	"5266268"	"5288720"	"5312800",
"France"	"FRA"	"GNI, PPP (current international $)"	"NY.GNP.MKTP.PP.CD"	"1553933571517.32"	"1649382596172.76"	"1715848429367.98"	"1711212308632.49"	"1781519592982.87"	"1881469099441.92"	"1976119947632.56"	"2088821500328.4"	"2134442820013.61",
"France"	"FRA"	"Population, total"	"SP.POP.TOTL"	"58895516.5482908"	"59192410.1954803"	"59598597.3954086"	"60154851"	"60521142"	"60873000"	"61352572"	"61707072"	"62048473",
"French Polynesia"	"PYF"	"GNI, PPP (current international $)"	"NY.GNP.MKTP.PP.CD"	".."	".."	".."	".."	".."	".."	".."	".."	"..",
"French Polynesia"	"PYF"	"Population, total"	"SP.POP.TOTL"	"236124"	"240135"	"244119"	"248050"	"251895"	"255632"	"259247"	"262618.892997581"	"266034.642481012",
"Gabon"	"GAB"	"GNI, PPP (current international $)"	"NY.GNP.MKTP.PP.CD"	"12257937009.1907"	"13126214538.6908"	"13880091111.6337"	"14193774211.2134"	"13990074643.4908"	"15867759747.3578"	"15412825660.6424"	"17514421573.0948"	"17766443836.75",
"Gabon"	"GAB"	"Population, total"	"SP.POP.TOTL"	"1233410"	"1261483"	"1288972"	"1315994"	"1342701"	"1369229"	"1395613"	"1421882"	"1448159",
"Gambia, The"	"GMB"	"GNI, PPP (current international $)"	"NY.GNP.MKTP.PP.CD"	"1192222287.35591"	"1282890269.73333"	"1255976488.61601"	"1334718509.69329"	"1466592154.22372"	"1579129694.99806"	"1735102284.97066"	"1939140301.94672"	"2129562909.37948",
"Gambia, The"	"GMB"	"Population, total"	"SP.POP.TOTL"	"1301808"	"1346508"	"1391378"	"1436321"	"1481256"	"1526138"	"1570883"	"1615510"	"1660200",
"Georgia"	"GEO"	"GNI, PPP (current international $)"	"NY.GNP.MKTP.PP.CD"	"10157535963.9322"	"10605150893.5239"	"11306202753.9049"	"12823558133.1521"	"14130749591.6642"	"15899402632.3625"	"18141724891.9808"	"20585597243.8643"	"21189427239.8306",
"Georgia"	"GEO"	"Population, total"	"SP.POP.TOTL"	"4720061"	"4665815"	"4613639"	"4563848"	"4516981"	"4473409"	"4432981"	"4398587.55202644"	"4364460.94689825",
"Germany"	"DEU"	"GNI, PPP (current international $)"	"NY.GNP.MKTP.PP.CD"	"2110252265302.09"	"2189801190638.29"	"2247266025495.47"	"2341876507377.21"	"2484918449660.42"	"2612832226765.43"	"2731125250269.32"	"2857679909932.72"	"2952423602513.31",
"Germany"	"DEU"	"Population, total"	"SP.POP.TOTL"	"82210000"	"82333000"	"82508000"	"82541000"	"82516250"	"82469400"	"82376451"	"82268357"	"82140043",
"Ghana"	"GHA"	"GNI, PPP (current international $)"	"NY.GNP.MKTP.PP.CD"	"17557112687.9114"	"18875665461.6793"	"20056833037.6612"	"21535717583.203"	"23378267278.2869"	"25684908936.3239"	"28404530906.3768"	"30961265485.2251"	"33384918362.5701",
"Ghana"	"GHA"	"Population, total"	"SP.POP.TOTL"	"19529305"	"19999194"	"20474921"	"20954557"	"21435257"	"21915168"	"22393338"	"22870966"	"23350927",
"Greece"	"GRC"	"GNI, PPP (current international $)"	"NY.GNP.MKTP.PP.CD"	"201298756234.961"	"218335568237.84"	"238053406599.302"	"246207361484.707"	"263421848254.941"	"272568645395.328"	"293303117002.251"	"311522287531.605"	"319971197616.812",
"Greece"	"GRC"	"Population, total"	"SP.POP.TOTL"	"10917500"	"10949950"	"10987550"	"11023550"	"11061750"	"11104000"	"11148460"	"11193366"	"11238162",
"Greenland"	"GRL"	"GNI, PPP (current international $)"	"NY.GNP.MKTP.PP.CD"	".."	".."	".."	".."	".."	".."	".."	".."	"..",
"Greenland"	"GRL"	"Population, total"	"SP.POP.TOTL"	"56200"	"56350"	"56600"	"56765"	"56912"	"56935"	"56774"	"56756.8754280442"	"56738.7435283263",
"Grenada"	"GRD"	"GNI, PPP (current international $)"	"NY.GNP.MKTP.PP.CD"	"557969781.506083"	"533966345.332898"	"545162709.381296"	"595603641.238753"	"565642478.778965"	"668466932.584373"	"652286218.992794"	"816524819.776249"	"850279743.737778",
"Grenada"	"GRD"	"Population, total"	"SP.POP.TOTL"	"100411"	"101307"	"102398"	"103540"	"104533"	"105237"	"105597"	"105668"	"105552",
"Guam"	"GUM"	"GNI, PPP (current international $)"	"NY.GNP.MKTP.PP.CD"	".."	".."	".."	".."	".."	".."	".."	".."	"..",
"Guam"	"GUM"	"Population, total"	"SP.POP.TOTL"	"155156"	"157605"	"160298"	"163125"	"165922"	"168570"	"171033"	"173231.976857778"	"175459.226032717",
"Guatemala"	"GTM"	"GNI, PPP (current international $)"	"NY.GNP.MKTP.PP.CD"	"38911221610.0849"	"41002098495.5612"	"42926354461.3336"	"44982306419.3993"	"47770492837.1078"	"51013261755.2462"	"55556431602.0605"	"60687838866.2328"	"64180045627.7056",
"Guatemala"	"GTM"	"Population, total"	"SP.POP.TOTL"	"11229405"	"11505139"	"11792579"	"12090411"	"12396581"	"12709564"	"13028572"	"13348221.7310437"	"13675713.9140887",
"Guinea"	"GIN"	"GNI, PPP (current international $)"	"NY.GNP.MKTP.PP.CD"	"7158517369.06711"	"7579761720.70737"	"8189284868.11385"	"8542969276.04706"	"8986807886.63748"	"9588727778.18588"	"10426569017.2477"	"10533577211.1744"	"11715782252.3287",
"Guinea"	"GIN"	"Population, total"	"SP.POP.TOTL"	"8383554"	"8544970"	"8705975"	"8869959"	"9040537"	"9220768"	"9411881"	"9615073"	"9833055",
"Guinea-Bissau"	"GNB"	"GNI, PPP (current international $)"	"NY.GNP.MKTP.PP.CD"	"695869294.355796"	"696754936.293807"	"685443099.472524"	"643227911.485312"	"666170324.844414"	"703557933.063445"	"758867974.524988"	"790684185.19487"	"832440439.462967",
"Guinea-Bissau"	"GNB"	"Population, total"	"SP.POP.TOTL"	"1303763"	"1335251"	"1368533"	"1403045"	"1437940"	"1472626"	"1506905"	"1541040"	"1575446",
"Guyana"	"GUY"	"GNI, PPP (current international $)"	"NY.GNP.MKTP.PP.CD"	"1446012721.66499"	"1494817304.33137"	"1551160513.1571"	"1582093827.10471"	"1551606445.77154"	"1710615937.22204"	"1766118614.21176"	"1781711027.48243"	"1915800269.13654",
"Guyana"	"GUY"	"Population, total"	"SP.POP.TOTL"	"756259"	"757175"	"758834"	"760850"	"762654"	"763834"	"764273"	"764100"	"763437",
"Haiti"	"HTI"	"GNI, PPP (current international $)"	"NY.GNP.MKTP.PP.CD"	"9060965648.22025"	"9153691193.10181"	"9244172093.86534"	"9638085005.76645"	"9635140371.32022"	"10096393589.387"	"10473151594.3358"	"10147742630.0566"	"11528545914.9951",
"Haiti"	"HTI"	"Population, total"	"SP.POP.TOTL"	"8572836"	"8717583"	"8861147"	"9004561"	"9149270"	"9296291"	"9445947"	"9611553.9748693"	"9780064.38230342",
"Heavily indebted poor countries (HIPC)"	"HPC"	"GNI, PPP (current international $)"	"NY.GNP.MKTP.PP.CD"	"390248983319.643"	"418251352186.852"	"439381788718.964"	"469579992238.485"	"513019124091.208"	"571346346713.984"	"622510959735.411"	"673192929863.744"	"730482626696.814",
"Heavily indebted poor countries (HIPC)"	"HPC"	"Population, total"	"SP.POP.TOTL"	"488945221.363825"	"502061734.131482"	"515525630.926921"	"529365820"	"543602986.712605"	"558235974.541034"	"573274920.977346"	"588363562.974955"	"603868960.073517",
"High income"	"HIC"	"GNI, PPP (current international $)"	"NY.GNP.MKTP.PP.CD"	"27392248280246.2"	"28497077724672.6"	"29492355204152.9"	"30602492697915.3"	"32604864340769.3"	"34467711697296.9"	"36652505936761.3"	"38564275423597.2"	"39686307016110.4",
"High income"	"HIC"	"Population, total"	"SP.POP.TOTL"	"1010214880.23968"	"1017212127.18839"	"1024294770.45304"	"1031557954.4051"	"1038715250.45633"	"1045820454.05575"	"1053260559.52842"	"1060940058.49022"	"1068525494.90257",
"High income: nonOECD"	"NOC"	"GNI, PPP (current international $)"	"NY.GNP.MKTP.PP.CD"	"1804464962250.79"	"1873513751555.28"	"1949994592514.49"	"2086968975989.65"	"2298480835225.34"	"2503987958122.85"	"2732531283600.79"	"2953105454941.94"	"..",
"High income: nonOECD"	"NOC"	"Population, total"	"SP.POP.TOTL"	"86388778.9643917"	"87773150.8209828"	"88981775.7240292"	"90200365.0905551"	"91460777.7633684"	"92871027.0557541"	"94314147.5284224"	"95747706.4902231"	"97268480.9025665",
"High income: OECD"	"OEC"	"GNI, PPP (current international $)"	"NY.GNP.MKTP.PP.CD"	"25636049841014"	"26673143179602.9"	"27594571893836.8"	"28574914210144.3"	"30375807582284.4"	"32048995911351.9"	"34022349689622.9"	"35737440622776.2"	"36766278903946.1",
"High income: OECD"	"OEC"	"Population, total"	"SP.POP.TOTL"	"923826101.275286"	"929438976.36741"	"935312994.729009"	"941357589.314549"	"947254472.692959"	"952949427"	"958946412"	"965192352"	"971257014",
"Honduras"	"HND"	"GNI, PPP (current international $)"	"NY.GNP.MKTP.PP.CD"	"15542517198.7906"	"15906330507.3732"	"16780949323.9563"	"17947588158.5928"	"19543532267.4791"	"21470084177.7505"	"23471794327.3197"	"25646347383.3703"	"28030510935.3313",
"Honduras"	"HND"	"Population, total"	"SP.POP.TOTL"	"6195604"	"6320323"	"6445942"	"6573055"	"6702291"	"6834110"	"6968687"	"7103785.59147592"	"7241503.27452802",
"Hong Kong, China"	"HKG"	"GNI, PPP (current international $)"	"NY.GNP.MKTP.PP.CD"	"176818942208.652"	"184749222412.094"	"188156664611.044"	"201617896181.789"	"223880562419.083"	"243370538354.207"	"273417691426.911"	"304485511600.427"	"306770933468.076",
"Hong Kong, China"	"HKG"	"Population, total"	"SP.POP.TOTL"	"6665000"	"6714300"	"6744100"	"6730800"	"6783500"	"6813200"	"6857100"	"6925900"	"6977700",
"Hungary"	"HUN"	"GNI, PPP (current international $)"	"NY.GNP.MKTP.PP.CD"	"119755534568.263"	"131560018433.2"	"141728780628.392"	"149929101336.374"	"155601165555.93"	"161950904400.903"	"171027738591.85"	"175644405076.483"	"178549406749.046",
"Hungary"	"HUN"	"Population, total"	"SP.POP.TOTL"	"10210971"	"10187576"	"10158608"	"10129552"	"10107146"	"10087050"	"10071370"	"10055780"	"10037637",
"Iceland"	"ISL"	"GNI, PPP (current international $)"	"NY.GNP.MKTP.PP.CD"	"7875232075.09827"	"8407510984.23121"	"8925066196.40974"	"8766368155.0032"	"9459965675.24036"	"9988499764.02091"	"9913514318.59043"	"10596006285.7542"	"7992672234.22522",
"Iceland"	"ISL"	"Population, total"	"SP.POP.TOTL"	"281000"	"285000"	"288000"	"289548.096177474"	"292096.148553862"	"296750"	"303782"	"310997"	"316960",
"India"	"IND"	"GNI, PPP (current international $)"	"NY.GNP.MKTP.PP.CD"	"1527637022159.92"	"1649390350584.21"	"1744997318164.87"	"1931708013997.46"	"2150663331930.04"	"2427389905540.94"	"2746193023573.15"	"3082569716754.98"	"3374885012516.13",
"India"	"IND"	"Population, total"	"SP.POP.TOTL"	"1015923000"	"1032473426.104"	"1048640720.5863"	"1064398611.55152"	"1079721193.94537"	"1094583000"	"1109811147.4504"	"1124786997.09709"	"1139964931.64188",
"Indonesia"	"IDN"	"GNI, PPP (current international $)"	"NY.GNP.MKTP.PP.CD"	"462427907160.671"	"506187749045.761"	"542223401557.322"	"575153737725.548"	"616631210870.244"	"670844893054.652"	"734700233439.087"	"802792344871.838"	"875056209966.317",
"Indonesia"	"IDN"	"Population, total"	"SP.POP.TOTL"	"206265000"	"209014094.827829"	"211816758.363531"	"214674159.937341"	"217587497.820229"	"220558000"	"223041631.843317"	"225630065.484893"	"228248538.310909",
"Iran, Islamic Rep."	"IRN"	"GNI, PPP (current international $)"	"NY.GNP.MKTP.PP.CD"	"433985003863.44"	"461525654317.217"	"495141137303.092"	"540334004519.087"	"585240167560.611"	"631733000465.719"	"691602034994.517"	"769723558958.3"	"..",
"Iran, Islamic Rep."	"IRN"	"Population, total"	"SP.POP.TOTL"	"63938646.1689509"	"64978394.2861128"	"66013857.3535398"	"67044288.9628865"	"68068943.7540345"	"69087070.4615656"	"70097912.7965955"	"71021038.8745501"	"71956321.6875886",
"Iraq"	"IRQ"	"GNI, PPP (current international $)"	"NY.GNP.MKTP.PP.CD"	".."	".."	".."	".."	".."	".."	".."	".."	"..",
"Iraq"	"IRQ"	"Population, total"	"SP.POP.TOTL"	".."	".."	".."	".."	".."	".."	".."	".."	"..",
"Ireland"	"IRL"	"GNI, PPP (current international $)"	"NY.GNP.MKTP.PP.CD"	"93582456165.7903"	"99555996666.822"	"107617891147.129"	"117463564193.355"	"126084963642.291"	"136135919847.08"	"150923069998.136"	"164606287659.704"	"166567533027.048",
"Ireland"	"IRL"	"Population, total"	"SP.POP.TOTL"	"3805400"	"3866450"	"3931800"	"3995700"	"4068450"	"4159100"	"4260773"	"4366193"	"4459547",
"Isle of Man"	"IMY"	"GNI, PPP (current international $)"	"NY.GNP.MKTP.PP.CD"	".."	".."	".."	".."	".."	".."	".."	".."	"..",
"Isle of Man"	"IMY"	"Population, total"	"SP.POP.TOTL"	"76591"	"77498"	"78347"	"79102"	"79722"	"80179"	"80453"	"80556"	"80543",
"Israel"	"ISR"	"GNI, PPP (current international $)"	"NY.GNP.MKTP.PP.CD"	"135057777216.958"	"143514355278.043"	"147117124249.487"	"142445801974.148"	"154879383947.461"	"158933532884.969"	"174733381680.052"	"188904327062.185"	"200597930869.9",
"Israel"	"ISR"	"Population, total"	"SP.POP.TOTL"	"6289000"	"6439000"	"6570000"	"6689700"	"6809000"	"6930100"	"7053700"	"7180100"	"7308100",
"Italy"	"ITA"	"GNI, PPP (current international $)"	"NY.GNP.MKTP.PP.CD"	"1444802853764.57"	"1535842142392.3"	"1520066245494.44"	"1551100329414.29"	"1586343248235.57"	"1642981062149.33"	"1727522521184.65"	"1792597769213.53"	"1810616849342.7",
"Italy"	"ITA"	"Population, total"	"SP.POP.TOTL"	"56948600"	"56980700"	"57157400"	"57604650"	"58175300"	"58607050"	"58941499"	"59374701"	"59854860",
"Jamaica"	"JAM"	"GNI, PPP (current international $)"	"NY.GNP.MKTP.PP.CD"	"14393163772.269"	"14791141114.8484"	"14941727645.0074"	"16100754209.0841"	"16832193184.6795"	"17496181232.6895"	"18721637164.7809"	"19180942102.4062"	"19785032371.8642",
"Jamaica"	"JAM"	"Population, total"	"SP.POP.TOTL"	"2589388.55137656"	"2604788.61906298"	"2617495.22444646"	"2625700"	"2638100"	"2650400"	"2663100"	"2675800"	"2689133.44937407",
"Japan"	"JPN"	"GNI, PPP (current international $)"	"NY.GNP.MKTP.PP.CD"	"3287730746017.81"	"3386294584555.71"	"3474236576283.75"	"3571116283957.24"	"3781633412599.35"	"3964302976306.77"	"4209244092908.65"	"4440206150519.85"	"4497715219976.36",
"Japan"	"JPN"	"Population, total"	"SP.POP.TOTL"	"126870000"	"127149000"	"127445000"	"127718000"	"127761000"	"127773000"	"127756000"	"127770750"	"127704000",
"Jordan"	"JOR"	"GNI, PPP (current international $)"	"NY.GNP.MKTP.PP.CD"	"15659879961.542"	"16975751878.9064"	"18114191591.3271"	"19364729885.9988"	"21862083482.2249"	"24259830928.8981"	"27462138444.5744"	"30327264144.9953"	"32684413305.5594",
"Jordan"	"JOR"	"Population, total"	"SP.POP.TOTL"	"4797500"	"4917500"	"5038000"	"5164000"	"5290000"	"5411500"	"5537600"	"5718855.04320754"	"5906042.87150034",
"Kazakhstan"	"KAZ"	"GNI, PPP (current international $)"	"NY.GNP.MKTP.PP.CD"	"66309580759.9488"	"78126783104.5936"	"88216141093.2169"	"97351749210.0324"	"108633225344.007"	"118624621200.607"	"132903013197.202"	"147211882645.852"	"151950001675.736",
"Kazakhstan"	"KAZ"	"Population, total"	"SP.POP.TOTL"	"14883600"	"14858300"	"14858900"	"14909000"	"15013000"	"15147000"	"15308100"	"15484200"	"15674833",
"Kenya"	"KEN"	"GNI, PPP (current international $)"	"NY.GNP.MKTP.PP.CD"	"35223992387.3505"	"37392715851.7706"	"38336843038.7812"	"40224914808.2667"	"43589052543.0872"	"48015072526.42"	"52803407286.7862"	"58106196950.4859"	"60878892329.2963",
"Kenya"	"KEN"	"Population, total"	"SP.POP.TOTL"	"31251862"	"32071251"	"32912983"	"33779932"	"34674703"	"35598952"	"36553490"	"37530725.6589656"	"38534087.1278924",
"Kiribati"	"KIR"	"GNI, PPP (current international $)"	"NY.GNP.MKTP.PP.CD"	"321187129.209214"	"355727260.952076"	"357869759.262771"	"344167420.863961"	"279339608.945236"	"301956354.232931"	"328952458.436566"	"323997485.25534"	"353197778.157747",
"Kiribati"	"KIR"	"Population, total"	"SP.POP.TOTL"	"84022"	"85562"	"87160"	"88788"	"90411"	"92003"	"93553"	"95067"	"96557",
"Korea, Dem. Rep."	"PRK"	"GNI, PPP (current international $)"	"NY.GNP.MKTP.PP.CD"	".."	".."	".."	".."	".."	".."	".."	".."	"..",
"Korea, Dem. Rep."	"PRK"	"Population, total"	"SP.POP.TOTL"	"22946185"	"23121603"	"23271845"	"23400722"	"23513779"	"23615611"	"23707548"	"23782801.9278148"	"23858294.7311831",
"Korea, Rep."	"KOR"	"GNI, PPP (current international $)"	"NY.GNP.MKTP.PP.CD"	"801469603542.805"	"858431331485.273"	"936636428432.463"	"964937073348.509"	"1044131859724.99"	"1095709390430.43"	"1196492764152.98"	"1302619080106.02"	"1366920778348.37",
"Korea, Rep."	"KOR"	"Population, total"	"SP.POP.TOTL"	"47008000"	"47357000"	"47622000"	"47859000"	"48039000"	"48138000"	"48297000"	"48456000"	"48607000",
"Kuwait"	"KWT"	"GNI, PPP (current international $)"	"NY.GNP.MKTP.PP.CD"	"76680196897.8913"	"76603716378.4982"	"76529868408.7897"	"90271705279.3986"	"105948919225.38"	"122550291130.103"	"136748444581.6"	".."	"..",
"Kuwait"	"KWT"	"Population, total"	"SP.POP.TOTL"	"2190000"	"2275000"	"2334919.26169103"	"2396416.68510585"	"2459533.83608414"	"2535446.05575407"	"2599443.52842239"	"2662966.03535597"	"2728040.83948047",
"Kyrgyz Republic"	"KGZ"	"GNI, PPP (current international $)"	"NY.GNP.MKTP.PP.CD"	"6138741856.67785"	"6770157245.25133"	"6907196839.59193"	"7579165050.45733"	"8227104676.28271"	"8567961593.56053"	"9290269162.14341"	"10351970864.0504"	"11315905481.9184",
"Kyrgyz Republic"	"KGZ"	"Population, total"	"SP.POP.TOTL"	"4915300"	"4954800"	"4993200"	"5038600"	"5092802"	"5143500"	"5192100"	"5234800"	"5277900",
"Lao PDR"	"LAO"	"GNI, PPP (current international $)"	"NY.GNP.MKTP.PP.CD"	"6118911784.42761"	"6641990584.21629"	"7184217450.42482"	"7645913967.20201"	"8490991609.15846"	"9311818188.82122"	"10303340255.7468"	"11675895212.0272"	"12662252917.773",
"Lao PDR"	"LAO"	"Population, total"	"SP.POP.TOTL"	"5403262"	"5504654"	"5599120"	"5690114"	"5782514"	"5879880"	"5983451"	"6092332"	"6205341",
"Latin America & Caribbean"	"LAC"	"GNI, PPP (current international $)"	"NY.GNP.MKTP.PP.CD"	"3440579795162.21"	"3545558189896.95"	"3616232937243.11"	"3882969423110.27"	"4231432236825.15"	"4621382462692.3"	"5034524336172.31"	"5472772995274.47"	"5827400818938.44",
"Latin America & Caribbean"	"LAC"	"Population, total"	"SP.POP.TOTL"	"512172106.959271"	"519206174.547448"	"526132417.76827"	"532962916.505526"	"539694965.107379"	"546309182.564478"	"552835538.488809"	"559097360.215423"	"565294000.397971",
"Latvia"	"LVA"	"GNI, PPP (current international $)"	"NY.GNP.MKTP.PP.CD"	"19005023170.2027"	"21054824173.181"	"23143390369.8984"	"24620135190.4365"	"26567616724.1279"	"29620427913.0955"	"33093717849.3015"	"38166185108.5451"	"37942910612.1452",
"Latvia"	"LVA"	"Population, total"	"SP.POP.TOTL"	"2372000"	"2359000"	"2338000"	"2325341.86733908"	"2312791.1449156"	"2300500"	"2287948"	"2276100"	"2266013",
"Least developed countries: UN classification"	"LDC"	"GNI, PPP (current international $)"	"NY.GNP.MKTP.PP.CD"	"522571401390.296"	"562904689374.88"	"602307502056.776"	"650333733744.919"	"719121648009.994"	"799908264419.034"	"894858738232.474"	"997644371323.28"	"1090329664721.33",
"Least developed countries: UN classification"	"LDC"	"Population, total"	"SP.POP.TOTL"	"675316214.70516"	"691652119.131482"	"708326124.251715"	"725352517.28757"	"742741705.661776"	"760509622.911904"	"778631833.591718"	"796704257.704596"	"815155495.689995",
"Lebanon"	"LBN"	"GNI, PPP (current international $)"	"NY.GNP.MKTP.PP.CD"	"28329119598.1092"	"29685341181.9072"	"29838954849.2929"	"32142363659.8983"	"35366476078.3053"	"38031272823.4696"	"39655350704.0024"	"44703736831.1755"	"45015401555.6874",
"Lebanon"	"LBN"	"Population, total"	"SP.POP.TOTL"	"3772283"	"3820719"	"3869218"	"3917538"	"3964891"	"4010740"	"4055301"	"4097075.80444739"	"4139280.94298998",
"Lesotho"	"LSO"	"GNI, PPP (current international $)"	"NY.GNP.MKTP.PP.CD"	"2499226960.2278"	"2555353561.54708"	"2629963663.65617"	"2818609772.58288"	"2991579747.5886"	"3061059721.75296"	"3496086179.03732"	"3770117147.51428"	"4032700897.90869",
"Lesotho"	"LSO"	"Population, total"	"SP.POP.TOTL"	"1885509"	"1910562"	"1931748"	"1949772"	"1965823"	"1980831"	"1994888"	"2005825.71559871"	"2016823.40129224",
"Liberia"	"LBR"	"GNI, PPP (current international $)"	"NY.GNP.MKTP.PP.CD"	"832951817.754492"	"940062211.010391"	"1082535008.74309"	"800968463.105835"	"802958058.870657"	"847015572.351991"	"868386232.674379"	"1024027133.25187"	"1142641576.27287",
"Liberia"	"LBR"	"Population, total"	"SP.POP.TOTL"	"2824427"	"2957510"	"3056860"	"3137852"	"3224643"	"3334222"	"3471020"	"3627285"	"3793400",
"Libya"	"LBY"	"GNI, PPP (current international $)"	"NY.GNP.MKTP.PP.CD"	".."	".."	".."	"64115280935.3696"	"67190642621.4188"	"73829090393.2605"	"82370383903.5002"	"90550365045.2967"	"98098044010.6054",
"Libya"	"LBY"	"Population, total"	"SP.POP.TOTL"	"5345662"	"5455571"	"5567944"	"5682648"	"5799484"	"5918217"	"6038643"	"6156487.53502059"	"6276631.81427746",
"Liechtenstein"	"LIE"	"GNI, PPP (current international $)"	"NY.GNP.MKTP.PP.CD"	".."	".."	".."	".."	".."	".."	".."	".."	"..",
"Liechtenstein"	"LIE"	"Population, total"	"SP.POP.TOTL"	"32645"	"33194"	"33694"	"34079"	"34447"	"34753"	"35037"	"35267"	"35523",
"Lithuania"	"LTU"	"GNI, PPP (current international $)"	"NY.GNP.MKTP.PP.CD"	"29596360604.4624"	"32772357492.4374"	"36205249116.447"	"40475521300.486"	"43369723206.9608"	"47310166593.8914"	"52007168876.1694"	"57689816969.0808"	"61141378175.9878",
"Lithuania"	"LTU"	"Population, total"	"SP.POP.TOTL"	"3499527.49667723"	"3481295.3336366"	"3469093.910519"	"3454239.90770763"	"3435584.56015858"	"3414300"	"3394082"	"3375618"	"3358371",
"Low & middle income"	"LMY"	"GNI, PPP (current international $)"	"NY.GNP.MKTP.PP.CD"	"14620483036942.1"	"15577393154941.6"	"16547383151778.1"	"18038308005754"	"19997135521517.9"	"22208068242594.4"	"24734067629373.7"	"27564617669001.2"	"29971279394858.7",
"Low & middle income"	"LMY"	"Population, total"	"SP.POP.TOTL"	"5068059741.86709"	"5138440368.08484"	"5208118940.77474"	"5277708628.13286"	"5347063428.55465"	"5416233966.14751"	"5484936128.63684"	"5553456848.30395"	"5623504782.369",
"Low income"	"LIC"	"GNI, PPP (current international $)"	"NY.GNP.MKTP.PP.CD"	"683763355949.535"	"737772911226.136"	"784176870560.369"	"846613411006.721"	"934437360232.76"	"1035572760447.54"	"1147008472890.59"	"1268965858563.44"	"1368764386473.62",
"Low income"	"LIC"	"Population, total"	"SP.POP.TOTL"	"819893113.363825"	"837909797.131482"	"856190815.926921"	"874918075"	"893952085.712605"	"913298594.541034"	"932987407.977346"	"952653785.425441"	"972835207.299664",
"Lower middle income"	"LMC"	"GNI, PPP (current international $)"	"NY.GNP.MKTP.PP.CD"	"7434692315647.22"	"8083667463354.72"	"8752873299449.97"	"9688393339505.65"	"10804825901275.4"	"12146032042847.1"	"13697013683091.3"	"15464950204547.6"	"17001704673253",
"Lower middle income"	"LMC"	"Population, total"	"SP.POP.TOTL"	"3359778221.5514"	"3404261979.19806"	"3448176043.68862"	"3491502463.83248"	"3534404137.60805"	"3576843695.85899"	"3618531993.24797"	"3660098466.09031"	"3702215276.47525",
"Luxembourg"	"LUX"	"GNI, PPP (current international $)"	"NY.GNP.MKTP.PP.CD"	"20370600648.0089"	"21146346699.7999"	"21295233761.8657"	"20715773081.7819"	"25849683397.9935"	"26244196501.759"	"29239044654.2326"	"31221289233.1277"	"31372035395.5976",
"Luxembourg"	"LUX"	"Population, total"	"SP.POP.TOTL"	"436300"	"441525"	"446175"	"451630"	"458095"	"465158"	"472637"	"479993"	"487751",
"Macao, China"	"MAC"	"GNI, PPP (current international $)"	"NY.GNP.MKTP.PP.CD"	"8930207954.67383"	"9293302988.60032"	"10350944438.058"	"11869288325.778"	"14966039298.2832"	"16315428487.0636"	"18719787622.783"	"26810945829.4106"	"..",
"Macao, China"	"MAC"	"Population, total"	"SP.POP.TOTL"	"440898"	"448466"	"456859"	"466162"	"476431"	"487624"	"499914"	"513076"	"526178",
"Macedonia, FYR"	"MKD"	"GNI, PPP (current international $)"	"NY.GNP.MKTP.PP.CD"	"11710648276.4533"	"11670810123.3774"	"12066373187.0773"	"12534105063.8066"	"13803211953.4334"	"15282234071.7867"	"16914663375.7841"	"18441891914.0047"	"20266369606.6336",
"Macedonia, FYR"	"MKD"	"Population, total"	"SP.POP.TOTL"	"2009264"	"2015911"	"2021568"	"2026320"	"2030311"	"2033655"	"2036376"	"2037031.68325141"	"2037687.57762322",
"Madagascar"	"MDG"	"GNI, PPP (current international $)"	"NY.GNP.MKTP.PP.CD"	"12061295717.1685"	"13162664546.6634"	"11659054512.0298"	"13094505727.4032"	"14127026906.2598"	"15295582802.1479"	"16587169226.5329"	"18209626178.0697"	"19876576938.9587",
"Madagascar"	"MDG"	"Population, total"	"SP.POP.TOTL"	"15275362"	"15729518"	"16189796"	"16656727"	"17131317"	"17614261"	"18105439"	"18604365"	"19110941",
"Malawi"	"MWI"	"GNI, PPP (current international $)"	"NY.GNP.MKTP.PP.CD"	"7094969427.93676"	"6915250665.2091"	"6744614015.53424"	"7320566591.88723"	"7959598894.93904"	"8442524325.63444"	"9445969311.6305"	"10591369866.7131"	"11882240201.8666",
"Malawi"	"MWI"	"Population, total"	"SP.POP.TOTL"	"11623368"	"11944555"	"12259852"	"12573672"	"12893865"	"13226091"	"13570713"	"13920061.8918446"	"14278404.0214234",
"Malaysia"	"MYS"	"GNI, PPP (current international $)"	"NY.GNP.MKTP.PP.CD"	"194347063818.787"	"201896509270.15"	"218203234381.132"	"238674120742.989"	"262834416794.285"	"287489451584.22"	"318806779779.023"	"351212329066.38"	"370833342886.985",
"Malaysia"	"MYS"	"Population, total"	"SP.POP.TOTL"	"23273615"	"23774848"	"24258296"	"24728210"	"25191441"	"25652985"	"26113731"	"26549517.7472697"	"26992576.9172008",
"Maldives"	"MDV"	"GNI, PPP (current international $)"	"NY.GNP.MKTP.PP.CD"	"731829410.044857"	"795377736.708092"	"905365510.70792"	"1007744429.6964"	"1110392519.72171"	"1142393219.91464"	"1376810871.54849"	"1516628947.33846"	"1638653494.68724",
"Maldives"	"MDV"	"Population, total"	"SP.POP.TOTL"	"272977"	"277434"	"281774"	"286112"	"290586"	"295297"	"300292"	"305340.266228979"	"310473.399826781",
"Mali"	"MLI"	"GNI, PPP (current international $)"	"NY.GNP.MKTP.PP.CD"	"7490052914.54812"	"8157032716.27451"	"8564077802.30897"	"9753927319.00295"	"10217648923.3455"	"11201466040.2921"	"11921011572.3222"	"14524416934.189"	"13911462866.6893",
"Mali"	"MLI"	"Population, total"	"SP.POP.TOTL"	"10004205"	"10297961"	"10606724"	"10929518"	"11264724"	"11611090"	"11968376"	"12334168.0294464"	"12711139.8387399",
"Malta"	"MLT"	"GNI, PPP (current international $)"	"NY.GNP.MKTP.PP.CD"	"6952635736.84405"	"7122746951.34758"	"7589913093.16331"	"7617915187.65099"	"7837387644.18934"	"8021734579.07533"	"8412442700.41613"	"9191854782.8794"	"..",
"Malta"	"MLT"	"Population, total"	"SP.POP.TOTL"	"390000"	"393000"	"395950"	"398600"	"401300"	"403500"	"406408"	"409197"	"411452",
"Marshall Islands"	"MHL"	"GNI, PPP (current international $)"	"NY.GNP.MKTP.PP.CD"	".."	".."	".."	".."	".."	".."	".."	".."	"..",
"Marshall Islands"	"MHL"	"Population, total"	"SP.POP.TOTL"	"51288.5914145096"	"51872.8694111384"	"52646.988575022"	"53588.3253473684"	"54649.6653446116"	"55791.6632471134"	"57013.3354218827"	"58315.6655019105"	"59667.1772314862",
"Mauritania"	"MRT"	"GNI, PPP (current international $)"	"NY.GNP.MKTP.PP.CD"	"3660188483.16535"	"3710104914.45501"	"4360991435.96056"	"4427833248.12224"	"4779301856.48345"	"5166528497.1993"	"5980670970.14091"	"6256191820.783"	"..",
"Mauritania"	"MRT"	"Population, total"	"SP.POP.TOTL"	"2566152"	"2642299"	"2720900"	"2801196"	"2882186"	"2963105"	"3043639"	"3120980.98300597"	"3200288.30498129",
"Mauritius"	"MUS"	"GNI, PPP (current international $)"	"NY.GNP.MKTP.PP.CD"	"8887946744.373"	"9709835726.74602"	"10102080481.7684"	"10661832447.6022"	"11419296644.1786"	"12391853241.2834"	"13345798719.1504"	"14380691312.2761"	"15840971998.873",
"Mauritius"	"MUS"	"Population, total"	"SP.POP.TOTL"	"1186873"	"1199881"	"1210196"	"1222811"	"1233386"	"1243253"	"1252987"	"1260692"	"1268835",
"Mayotte"	"MYT"	"GNI, PPP (current international $)"	"NY.GNP.MKTP.PP.CD"	".."	".."	".."	".."	".."	".."	".."	".."	"..",
"Mayotte"	"MYT"	"Population, total"	"SP.POP.TOTL"	".."	".."	"160265"	"166000"	"172000"	"176545.483921526"	"181211.092401663"	"186000"	"191187.320226111",
"Mexico"	"MEX"	"GNI, PPP (current international $)"	"NY.GNP.MKTP.PP.CD"	"877015541498.32"	"900472290283.685"	"937620218882.044"	"1088736566355.84"	"1171486726236.13"	"1274300149721.48"	"1379825855247.56"	"1464416824636.67"	"1517236535941.92",
"Mexico"	"MEX"	"Population, total"	"SP.POP.TOTL"	"97966000"	"98994087.3835958"	"100002340.268082"	"101020862.188892"	"102049757.735962"	"103089132.564478"	"104221360.86059"	"105280515.417673"	"106350433.683525",
"Micronesia, Fed. Sts."	"FSM"	"GNI, PPP (current international $)"	"NY.GNP.MKTP.PP.CD"	"298659993.689008"	"292566245.573988"	"303093867.305818"	"319831717.064042"	"320669525.836641"	"331830141.456129"	"334819320.899784"	"332518296.962121"	"334269611.818254",
"Micronesia, Fed. Sts."	"FSM"	"Population, total"	"SP.POP.TOTL"	"107095"	"107360"	"107905"	"108637"	"109393"	"110058"	"110617"	"110961.140681755"	"111306.352019999",
"Middle East & North Africa"	"MNA"	"GNI, PPP (current international $)"	"NY.GNP.MKTP.PP.CD"	"1366131019788.38"	"1458150036328.83"	"1541530784679.84"	"1658198178900.33"	"1790188132131.16"	"1930556056456"	"2114182296080.76"	"2330624875741.54"	"..",
"Middle East & North Africa"	"MNA"	"Population, total"	"SP.POP.TOTL"	"279551780.190228"	"285002637.171453"	"290517864.476994"	"296049247.937963"	"301666256.820629"	"307328163.824872"	"313105982.499136"	"318906620.59407"	"324785109.864005",
"Middle income"	"MIC"	"GNI, PPP (current international $)"	"NY.GNP.MKTP.PP.CD"	"13945778768434.2"	"14850444923857.2"	"15774763720765.2"	"17203725641017.4"	"19075737110643.2"	"21186817483853.4"	"23602547673227.9"	"26312392529926.7"	"28619513295423.5",
"Middle income"	"MIC"	"Population, total"	"SP.POP.TOTL"	"4248166628.50326"	"4300530570.95336"	"4351928124.84782"	"4402790553.13286"	"4453111342.84204"	"4502935371.60648"	"4551948720.6595"	"4600803062.87851"	"4650669575.06933",
"Moldova"	"MDA"	"GNI, PPP (current international $)"	"NY.GNP.MKTP.PP.CD"	"5426326704.05546"	"6174208329.09418"	"6780644022.29285"	"7743327829.87913"	"8642861126.64894"	"9511348244.02933"	"10257296352.5976"	"10623128509.2469"	"11671656701.5463",
"Moldova"	"MDA"	"Population, total"	"SP.POP.TOTL"	"4100257"	"4032765"	"3960665"	"3887928"	"3819598"	"3759329"	"3708848"	"3667469"	"3633369",
"Monaco"	"MCO"	"GNI, PPP (current international $)"	"NY.GNP.MKTP.PP.CD"	".."	".."	".."	".."	".."	".."	".."	".."	"..",
"Monaco"	"MCO"	"Population, total"	"SP.POP.TOTL"	".."	".."	".."	"32300"	"32400"	"32500"	"32600"	"32700"	"32800",
"Mongolia"	"MNG"	"GNI, PPP (current international $)"	"NY.GNP.MKTP.PP.CD"	"4285406722.93115"	"4555090775.49038"	"4820923181.91671"	"5245254572.5141"	"5980266974.11909"	"6515654343.34171"	"7254201040.15844"	"8271276493.7418"	"9157497142.56053",
"Mongolia"	"MNG"	"Population, total"	"SP.POP.TOTL"	"2398000"	"2421360.30338753"	"2448509.02582728"	"2479568.16654623"	"2514678.37252355"	"2554000"	"2584655.21561315"	"2608411.86412632"	"2632386.869945",
"Montenegro"	"MNE"	"GNI, PPP (current international $)"	"NY.GNP.MKTP.PP.CD"	"4178191730.10417"	"4323585146.80163"	"4508069667.42011"	"4729583499.40189"	"5047960527.55908"	"5213144618.04416"	"6316554441.42023"	"7800585347.39237"	"8661009275.04701",
"Montenegro"	"MNE"	"Population, total"	"SP.POP.TOTL"	"660628"	"657488"	"650054"	"640327"	"631162"	"624619"	"621413"	"620941"	"622344",
"Morocco"	"MAR"	"GNI, PPP (current international $)"	"NY.GNP.MKTP.PP.CD"	"73107416252.1305"	"80530006732.5006"	"84837625416.9791"	"92409760383.137"	"99989494629.7171"	"106783802790.351"	"118526847145.617"	"125129613358.019"	"135312157655.715",
"Morocco"	"MAR"	"Population, total"	"SP.POP.TOTL"	"28465720"	"28832949"	"29184862"	"29520444"	"29838668"	"30142708.7983098"	"30496553.3656232"	"30860594.5861168"	"31228981.4127721",
"Mozambique"	"MOZ"	"GNI, PPP (current international $)"	"NY.GNP.MKTP.PP.CD"	"7707029920.81754"	"8642492862.45929"	"9915685336.87212"	"10723929526.9"	"11686534238.0522"	"12884237846.2021"	"14094310011.4185"	"15552774845.2317"	"16689193760.9296",
"Mozambique"	"MOZ"	"Population, total"	"SP.POP.TOTL"	"18194196"	"18660161"	"19134153"	"19609837"	"20078143"	"20532675"	"20971449"	"21372202.4243115"	"21780614.0370055",
"Myanmar"	"MMR"	"GNI, PPP (current international $)"	"NY.GNP.MKTP.PP.CD"	".."	".."	"30869456296.943"	"35891942063.7445"	"41959553852.3772"	"49206976705.0684"	"57204188995.37"	"63079056410.6144"	"..",
"Myanmar"	"MMR"	"Population, total"	"SP.POP.TOTL"	"45884007"	"46343313"	"46767998"	"47169814"	"47565497"	"47967266"	"48379206"	"48782825.3585036"	"49189812.0435929",
"Namibia"	"NAM"	"GNI, PPP (current international $)"	"NY.GNP.MKTP.PP.CD"	"7594160706.36319"	"7800171004.02745"	"8402929955.76628"	"9268043982.13324"	"10358548018.6182"	"10659358093.4877"	"11919607643.0345"	"12626425863.65"	"13247591784.2079",
"Namibia"	"NAM"	"Population, total"	"SP.POP.TOTL"	"1879458"	"1913018"	"1942243"	"1968514"	"1993832"	"2019677"	"2046555"	"2080083.28396014"	"2114160.85480741",
"Nepal"	"NPL"	"GNI, PPP (current international $)"	"NY.GNP.MKTP.PP.CD"	"19626977940.6919"	"20997472739.608"	"21352875869.7276"	"22667016125.3139"	"24366919041.6078"	"26094044547.5298"	"28051632073.9849"	"29837127245.9817"	"32099523083.0026",
"Nepal"	"NPL"	"Population, total"	"SP.POP.TOTL"	"24419299"	"24958461"	"25491156"	"26021103"	"26553885"	"27093656"	"27641362"	"28107592.3487737"	"28581686.6638063",
"Netherlands"	"NLD"	"GNI, PPP (current international $)"	"NY.GNP.MKTP.PP.CD"	"477744456108.345"	"497785249028.009"	"520508143708.18"	"520385419815.658"	"555185822224.745"	"571511332103.408"	"610325100118.349"	"646527041865.457"	"685122208992.746",
"Netherlands"	"NLD"	"Population, total"	"SP.POP.TOTL"	"15925431.0585303"	"16046091.1635825"	"16148891.0077442"	"16225267.0486498"	"16281732.6780659"	"16319850"	"16346101"	"16381137"	"16443269",
"Netherlands Antilles"	"ANT"	"GNI, PPP (current international $)"	"NY.GNP.MKTP.PP.CD"	".."	".."	".."	".."	".."	".."	".."	".."	"..",
"Netherlands Antilles"	"ANT"	"Population, total"	"SP.POP.TOTL"	"180665"	"180410"	"181028"	"182385"	"184240"	"186392"	"188838"	"191328.784822707"	"193852.423250265",
"New Caledonia"	"NCL"	"GNI, PPP (current international $)"	"NY.GNP.MKTP.PP.CD"	".."	".."	".."	".."	".."	".."	".."	".."	"..",
"New Caledonia"	"NCL"	"Population, total"	"SP.POP.TOTL"	"213230"	"217324"	"221490"	"225735"	"230068"	"234393"	"238459"	"242400"	"246436.667079208",
"New Zealand"	"NZL"	"GNI, PPP (current international $)"	"NY.GNP.MKTP.PP.CD"	"74939524039.9762"	"79870483775.4435"	"84379458286.9167"	"88241017432.1599"	"92275578144.3971"	"94849155204.799"	"100783616559.705"	"107295563863.635"	"107101443524.159",
"New Zealand"	"NZL"	"Population, total"	"SP.POP.TOTL"	"3857800"	"3880500"	"3948500"	"4027200"	"4087500"	"4133900"	"4184600"	"4228300"	"4268600",
"Nicaragua"	"NIC"	"GNI, PPP (current international $)"	"NY.GNP.MKTP.PP.CD"	"9067438444.82216"	"9487161994.08126"	"9816885701.13944"	"10314323166.0542"	"11192802805.4313"	"12293373777.7212"	"13185195978.7952"	"14072690175.3316"	"14857389436.0187",
"Nicaragua"	"NIC"	"Population, total"	"SP.POP.TOTL"	"5108209"	"5184137"	"5256034"	"5325251"	"5393597"	"5462539"	"5532364"	"5604596.02569371"	"5677771.13205525",
"Niger"	"NER"	"GNI, PPP (current international $)"	"NY.GNP.MKTP.PP.CD"	"5537682957.43313"	"6083125731.04647"	"6352978814.07865"	"6873856333.91665"	"7331726436.62989"	"7904298850.27311"	"8459982573.12387"	"8967342537.05594"	"10002060824.2008",
"Niger"	"NER"	"Population, total"	"SP.POP.TOTL"	"11123951"	"11526789"	"11940808"	"12367244"	"12807896"	"13264190"	"13736722"	"14195085.1012583"	"14668742.7343996",
"Nigeria"	"NGA"	"GNI, PPP (current international $)"	"NY.GNP.MKTP.PP.CD"	"140768960811.74"	"156007125740.09"	"156429758637.473"	"175241657082.675"	"199922992357.776"	"215508778654.925"	"257793459718.384"	"274276959762.703"	"293104782097.718",
"Nigeria"	"NGA"	"Population, total"	"SP.POP.TOTL"	"124772607"	"128038623"	"131336205"	"134659379"	"138001086"	"141356083"	"144719953"	"147982941.152793"	"151319499.614756",
"Northern Mariana Islands"	"MNP"	"GNI, PPP (current international $)"	"NY.GNP.MKTP.PP.CD"	".."	".."	".."	".."	".."	".."	".."	".."	"..",
"Northern Mariana Islands"	"MNP"	"Population, total"	"SP.POP.TOTL"	".."	".."	".."	"76000"	"78200"	"80300"	"82100"	"83800"	"85400",
"Norway"	"NOR"	"GNI, PPP (current international $)"	"NY.GNP.MKTP.PP.CD"	"159866354921.855"	"167585077483.101"	"168694748702.587"	"175997475948.456"	"194451362331.14"	"220219263660.48"	"242550570087.737"	"252638312025.289"	"279009476299.877",
"Norway"	"NOR"	"Population, total"	"SP.POP.TOTL"	"4491000"	"4513000"	"4538000"	"4564900"	"4591950"	"4623300"	"4660677"	"4709153"	"4769274",
"Oman"	"OMN"	"GNI, PPP (current international $)"	"NY.GNP.MKTP.PP.CD"	"34687345117.2952"	"38276616226.9947"	"39880191563.9158"	"41404916521.8381"	"45014187011.0146"	"49633001520.3476"	"55126418179.1081"	".."	"..",
"Oman"	"OMN"	"Population, total"	"SP.POP.TOTL"	"2402184"	"2443347"	"2484085"	"2525751"	"2569963"	"2617833"	"2670055"	"2726301"	"2785361",
"Pakistan"	"PAK"	"GNI, PPP (current international $)"	"NY.GNP.MKTP.PP.CD"	"233006177009.559"	"243249038296.928"	"260212061656.017"	"285793690437.725"	"312890990701.199"	"347301061669.569"	"379995997381.483"	"412945520861.133"	"448839908734.006",
"Pakistan"	"PAK"	"Population, total"	"SP.POP.TOTL"	"138080000"	"141450153.445291"	"144902409.42682"	"148438764.342066"	"152061263.041042"	"155772000"	"159002039.289709"	"162481398.74818"	"166036895.231655",
"Palau"	"PLW"	"GNI, PPP (current international $)"	"NY.GNP.MKTP.PP.CD"	".."	".."	".."	".."	".."	".."	".."	".."	"..",
"Palau"	"PLW"	"Population, total"	"SP.POP.TOTL"	"19129"	"19626"	"19976"	"19700"	"19816"	"19932"	"20046.7910434667"	"20162.0293751165"	"20278.7394554219",
"Panama"	"PAN"	"GNI, PPP (current international $)"	"NY.GNP.MKTP.PP.CD"	"20147228965.9511"	"20789936212.2489"	"22323654801.9692"	"22861104447.1092"	"24853557047.5305"	"27525045453.4287"	"30714561426.7942"	"35458411946.4101"	"39543205689.3359",
"Panama"	"PAN"	"Population, total"	"SP.POP.TOTL"	"2949948"	"3006435"	"3062835"	"3119132"	"3175354"	"3231502"	"3287538"	"3340604.72971589"	"3394528.05114349",
"Papua New Guinea"	"PNG"	"GNI, PPP (current international $)"	"NY.GNP.MKTP.PP.CD"	"8767033511.53376"	"8786618206.9944"	"8981216752.95539"	"8968814446.82686"	"9705007334.10445"	"10569681769.7635"	"10719453136.8226"	"11820455728.4216"	"12876202881.0439",
"Papua New Guinea"	"PNG"	"Population, total"	"SP.POP.TOTL"	"5381219"	"5520164"	"5659380"	"5797990"	"5935005"	"6069710"	"6201692"	"6324097.1449619"	"6448918.24665191",
"Paraguay"	"PRY"	"GNI, PPP (current international $)"	"NY.GNP.MKTP.PP.CD"	"17994166950.1348"	"18794602149.7053"	"19229247441.341"	"20190962930.3992"	"21232836044.597"	"23045578102.2912"	"26131310478.1197"	"27651936066.9122"	"30001471291.2358",
"Paraguay"	"PRY"	"Population, total"	"SP.POP.TOTL"	"5346267"	"5456418.12"	"5566851.6"	"5677447.92"	"5788087.56"	"5898651"	"6016000"	"6120495.75574082"	"6226806.56516645",
"Peru"	"PER"	"GNI, PPP (current international $)"	"NY.GNP.MKTP.PP.CD"	"123478787849.438"	"127259173654.409"	"135532713465.116"	"142631508672.055"	"151167111654.873"	"164759202698.849"	"179554395947.619"	"201539517753.805"	"230002838153.21",
"Peru"	"PER"	"Population, total"	"SP.POP.TOTL"	"26004162"	"26389531"	"26764956"	"27130720"	"27487438"	"27835927"	"28175982"	"28508481"	"28836700",
"Philippines"	"PHL"	"GNI, PPP (current international $)"	"NY.GNP.MKTP.PP.CD"	"189033403577.858"	"197820610117.677"	"209614587979.965"	"226463351086.353"	"248822217491.887"	"270798153500.583"	"294502941252.119"	"324979704849.335"	"352440160464.504",
"Philippines"	"PHL"	"Population, total"	"SP.POP.TOTL"	"77689369"	"79239125"	"80788948"	"82343966"	"83911361"	"85495923"	"87099117"	"88718185"	"90348437",
"Poland"	"POL"	"GNI, PPP (current international $)"	"NY.GNP.MKTP.PP.CD"	"400437480121.414"	"415949509058.921"	"437864249039.255"	"450309335636.293"	"480861091840.265"	"514529454121.247"	"550250008403.095"	"594809402208.793"	"659736354481.012",
"Poland"	"POL"	"Population, total"	"SP.POP.TOTL"	"38453757"	"38248076"	"38230364"	"38204570"	"38182222"	"38165450"	"38141267"	"38120560"	"38122972",
"Portugal"	"PRT"	"GNI, PPP (current international $)"	"NY.GNP.MKTP.PP.CD"	"170224239172.594"	"177855462021.379"	"187308090858.878"	"193655754888.481"	"198231536962.314"	"213673893837.043"	"220460690048.062"	"231144261422.831"	"234642712770.851",
"Portugal"	"PRT"	"Population, total"	"SP.POP.TOTL"	"10225803.464765"	"10292935.9907657"	"10368326.2752481"	"10441045.9365908"	"10501964.5166988"	"10549450"	"10584344"	"10608335"	"10624688",
"Puerto Rico"	"PRI"	"GNI, PPP (current international $)"	"NY.GNP.MKTP.PP.CD"	".."	".."	".."	".."	".."	".."	".."	".."	"..",
"Puerto Rico"	"PRI"	"Population, total"	"SP.POP.TOTL"	"3814413"	"3837768"	"3858272"	"3876637"	"3893931"	"3910707"	"3926698"	"3941160"	"3954037",
"Qatar"	"QAT"	"GNI, PPP (current international $)"	"NY.GNP.MKTP.PP.CD"	".."	".."	".."	".."	".."	".."	".."	".."	"..",
"Qatar"	"QAT"	"Population, total"	"SP.POP.TOTL"	"616817"	"648270"	"684521"	"731512"	"797038"	"885439"	"1000607"	"1137553"	"1280862",
"Romania"	"ROM"	"GNI, PPP (current international $)"	"NY.GNP.MKTP.PP.CD"	"125925276276.533"	"141072689193.268"	"151377366530.596"	"165017925740.275"	"185501436273.828"	"200673927418.669"	"229320511019.591"	"266207000116.857"	"290339425899.765",
"Romania"	"ROM"	"Population, total"	"SP.POP.TOTL"	"22443000"	"22132000"	"21803128.8763792"	"21742028.254972"	"21684883.9298254"	"21634350"	"21587666"	"21546873"	"21512646",
"Russian Federation"	"RUS"	"GNI, PPP (current international $)"	"NY.GNP.MKTP.PP.CD"	"1086347017235.58"	"1183704867903.15"	"1254860093581.85"	"1359686188241.74"	"1512496471131.9"	"1655783833444.41"	"1824761809001.13"	"2036485005045.27"	"2216333431438.93",
"Russian Federation"	"RUS"	"Population, total"	"SP.POP.TOTL"	"146303000"	"145949580.335128"	"145299690.295609"	"144599446.748596"	"143849574.208616"	"143150000"	"142500000"	"142100000"	"141800000",
"Rwanda"	"RWA"	"GNI, PPP (current international $)"	"NY.GNP.MKTP.PP.CD"	"4588845422.49955"	"5075080982.51991"	"5742699185.87673"	"5849421219.03691"	"6335496678.39974"	"7045031076.12294"	"7808730035.8553"	"8697225337.65068"	"9850769848.72862",
"Rwanda"	"RWA"	"Population, total"	"SP.POP.TOTL"	"7957797"	"8310051"	"8538697"	"8685457"	"8819688"	"8992140"	"9209997"	"9454534"	"9720694",
"Samoa"	"WSM"	"GNI, PPP (current international $)"	"NY.GNP.MKTP.PP.CD"	"495856955.432118"	"538099290.826964"	"576800329.897556"	"611555902.941518"	"654364414.842667"	"684566322.222052"	"740623829.500537"	"804325137.702403"	"788554755.909243",
"Samoa"	"WSM"	"Population, total"	"SP.POP.TOTL"	"173027.341335532"	"174000"	"175326.32479468"	"176561.287570416"	"177804.949171382"	"179057.370870323"	"180318.614371578"	"181292.537083156"	"181528.051968485",
"San Marino"	"SMR"	"GNI, PPP (current international $)"	"NY.GNP.MKTP.PP.CD"	".."	".."	".."	".."	".."	".."	".."	".."	"..",
"San Marino"	"SMR"	"Population, total"	"SP.POP.TOTL"	".."	".."	".."	".."	"29457"	"29836"	"30184"	"30580"	"31006",
"Sao Tome and Principe"	"STP"	"GNI, PPP (current international $)"	"NY.GNP.MKTP.PP.CD"	".."	".."	".."	".."	".."	"210235268.346532"	"242352064.648886"	"269767652.304874"	"286223832.862868",
"Sao Tome and Principe"	"STP"	"Population, total"	"SP.POP.TOTL"	"140131"	"142610"	"145106"	"147611"	"150118"	"152622"	"155126"	"158012.907154674"	"160953.539880302",
"Saudi Arabia"	"SAU"	"GNI, PPP (current international $)"	"NY.GNP.MKTP.PP.CD"	"361347138631.552"	"370079235310.364"	"377667094988.525"	"413226117015.673"	"452306814622.862"	"498993033130.955"	"529747483386.316"	"554347434664.57"	"..",
"Saudi Arabia"	"SAU"	"Population, total"	"SP.POP.TOTL"	"20660703.3495944"	"21122696.8160082"	"21589241.9472462"	"22054283.3787511"	"22529342"	"23118994"	"23678849"	"24157431.0604394"	"24645685.9216375",
"Senegal"	"SEN"	"GNI, PPP (current international $)"	"NY.GNP.MKTP.PP.CD"	".."	".."	".."	".."	".."	".."	"19050309146.6567"	"20486907919.9604"	"21466044726.4512",
"Senegal"	"SEN"	"Population, total"	"SP.POP.TOTL"	"9901787"	"10164729"	"10432662"	"10706962"	"10989452"	"11281296"	"11582863"	"11893335"	"12211181",
"Serbia"	"SRB"	"GNI, PPP (current international $)"	"NY.GNP.MKTP.PP.CD"	"45122361774.2863"	"48032521850.5345"	"50722349007.4"	"52945346375.5396"	"58705791454.3235"	"63895793550.6989"	"69023652407.5959"	"72560885156.9924"	"81926535646.0583",
"Serbia"	"SRB"	"Population, total"	"SP.POP.TOTL"	"7516346"	"7503433"	"7500031"	"7480591"	"7463157"	"7440769"	"7411569"	"7381579"	"7350221",
"Seychelles"	"SYC"	"GNI, PPP (current international $)"	"NY.GNP.MKTP.PP.CD"	"1242189453.16975"	"1273924800.3994"	"1218156157.43067"	"1218328520.87312"	"1234175137.87567"	"1373099559.18769"	"1534502533.35152"	"1631747689.87243"	"1707036620.89013",
"Seychelles"	"SYC"	"Population, total"	"SP.POP.TOTL"	"81131"	"81202"	"83700"	"82800"	"82500"	"82900"	"84600"	"85032"	"86334.6100142182",
"Sierra Leone"	"SLE"	"GNI, PPP (current international $)"	"NY.GNP.MKTP.PP.CD"	"1476074916.75102"	"1784802833.14924"	"2308274047.49988"	"2546153284.60329"	"2788883286.69052"	"3136362164.40816"	"3471513336.23123"	"3885664942.70757"	"4174134167.65819",
"Sierra Leone"	"SLE"	"Population, total"	"SP.POP.TOTL"	"4228178"	"4367781"	"4540322"	"4732526"	"4925922"	"5106977"	"5270799"	"5420400"	"5559853",
"Singapore"	"SGP"	"GNI, PPP (current international $)"	"NY.GNP.MKTP.PP.CD"	"132442752514.793"	"133121339250.959"	"138382731861.23"	"145854741423.147"	"158559872244.492"	"177933565537.806"	"201103532437.631"	"214858118778.338"	"231988513940.224",
"Singapore"	"SGP"	"Population, total"	"SP.POP.TOTL"	"4027900"	"4138000"	"4176000"	"4114800"	"4166700"	"4265800"	"4401400"	"4588600"	"4839400",
"Slovak Republic"	"SVK"	"GNI, PPP (current international $)"	"NY.GNP.MKTP.PP.CD"	"58171713581.8675"	"63902931076.7731"	"68458589472.7936"	"72908832475.3698"	"78254639289.8644"	"83540006906.2578"	"93511420224.488"	"103733872080.818"	"115171734247.566",
"Slovak Republic"	"SVK"	"Population, total"	"SP.POP.TOTL"	"5388740.81395645"	"5378899.99907044"	"5379099.99907048"	"5379649.98117907"	"5382449.4869901"	"5387000"	"5391409"	"5397318"	"5406030",
"Slovenia"	"SVN"	"GNI, PPP (current international $)"	"NY.GNP.MKTP.PP.CD"	"34733370565.5571"	"36625014386.6512"	"39087977161.5207"	"40523048706.3958"	"43844239656.3504"	"46533596672.2369"	"49337032112.381"	"52928439082.8929"	"54875187289.1558",
"Slovenia"	"SVN"	"Population, total"	"SP.POP.TOTL"	"1989000"	"1992000"	"1994000"	"1995699.87723605"	"1996999.9098648"	"2000500"	"2006868"	"2018122"	"2039400",
"Solomon Islands"	"SLB"	"GNI, PPP (current international $)"	"NY.GNP.MKTP.PP.CD"	".."	".."	".."	".."	"3684973437.20088"	"977564459.153009"	"1075740744.69913"	"1196807712.0471"	"1308515652.94105",
"Solomon Islands"	"SLB"	"Population, total"	"SP.POP.TOTL"	"415426"	"426623"	"437943"	"449363"	"460862"	"472419"	"484022"	"495361.736002551"	"506967.140947024",
"Somalia"	"SOM"	"GNI, PPP (current international $)"	"NY.GNP.MKTP.PP.CD"	".."	".."	".."	".."	".."	".."	".."	".."	"..",
"Somalia"	"SOM"	"Population, total"	"SP.POP.TOTL"	"7055075"	"7272271"	"7494075"	"7720566"	"7954159"	"8196395"	"8445397"	"8695927.74367936"	"8953890.4237767",
"South Africa"	"ZAF"	"GNI, PPP (current international $)"	"NY.GNP.MKTP.PP.CD"	"284889802823.211"	"297378321926.159"	"315738862075.052"	"331693692904.649"	"360654294361.386"	"390640680999.272"	"424579570108.214"	"452531497820.805"	"476241971972.209",
"South Africa"	"ZAF"	"Population, total"	"SP.POP.TOTL"	"44000000"	"44812420.851533"	"45245622"	"45801325"	"46347516"	"46892428"	"47391025"	"47850700"	"48687000",
"South Asia"	"SAS"	"GNI, PPP (current international $)"	"NY.GNP.MKTP.PP.CD"	"1960522766748"	"2104330016088.56"	"2230590011924.04"	"2463412533556.03"	"2733176670148.32"	"3071254572725.16"	"3454281694198.24"	"3858321741305.2"	"4217640239237.06",
"South Asia"	"SAS"	"Population, total"	"SP.POP.TOTL"	"1359272877"	"1382998254.54929"	"1406640204.01312"	"1430049857.89359"	"1453076165.98641"	"1475690670"	"1498157957.74011"	"1520409815.46027"	"1542945433.27524",
"Spain"	"ESP"	"GNI, PPP (current international $)"	"NY.GNP.MKTP.PP.CD"	"850218492840.681"	"905331626314.07"	"979260184003.281"	"1027930589001.16"	"1093856235503.58"	"1170993111256.07"	"1276976280189.83"	"1379988852997"	"1418713079514.29",
"Spain"	"ESP"	"Population, total"	"SP.POP.TOTL"	"40263200"	"40720450"	"41313950"	"42004500"	"42691650"	"43398150"	"44116441"	"44878945"	"45568152",
"Sri Lanka"	"LKA"	"GNI, PPP (current international $)"	"NY.GNP.MKTP.PP.CD"	"49817732796.2323"	"50300008601.5144"	"53382410473.3406"	"58088276592.9315"	"62957116415.8562"	"68886002208.4721"	"76388707011.3164"	"83989861620.1479"	"89857175086.0379",
"Sri Lanka"	"LKA"	"Population, total"	"SP.POP.TOTL"	"18713711"	"18797000"	"19007000"	"19253000"	"19462000"	"19668000"	"19886000"	"20010000"	"20156204.3380748",
"St. Kitts and Nevis"	"KNA"	"GNI, PPP (current international $)"	"NY.GNP.MKTP.PP.CD"	"417883217.405507"	"431911834.592347"	"439968783.182307"	"445013903.903075"	"509469828.154381"	"558308487.632599"	"621128981.400172"	"666256172.767095"	"746162353.056112",
"St. Kitts and Nevis"	"KNA"	"Population, total"	"SP.POP.TOTL"	"44286"	"46111"	"46710"	"46710"	"46984.8114170354"	"48000"	"48393"	"48789.8418670903"	"49189.9379954885",
"St. Lucia"	"LCA"	"GNI, PPP (current international $)"	"NY.GNP.MKTP.PP.CD"	"1048408753.64678"	"1014831683.88746"	"1091808850.63079"	"1127469582.85946"	"1210036132.43551"	"1339408470.85157"	"1416139673.54497"	"1496061202.29873"	"1561140970.68863",
"St. Lucia"	"LCA"	"Population, total"	"SP.POP.TOTL"	"155996"	"158018"	"159133"	"160620"	"162434"	"164791"	"166014"	"167975.463210133"	"169960.101200252",
"St. Vincent and the Grenadines"	"VCT"	"GNI, PPP (current international $)"	"NY.GNP.MKTP.PP.CD"	"545415687.912264"	"565319281.633907"	"600512897.886605"	"619534777.42263"	"672986653.7532"	"713188475.698254"	"832924654.603412"	"928186397.610706"	"957073872.31724",
"St. Vincent and the Grenadines"	"VCT"	"Population, total"	"SP.POP.TOTL"	"107857"	"107953"	"108116"	"108321"	"108531"	"108716"	"108872"	"109005"	"109117",
"Sub-Saharan Africa"	"SSA"	"GNI, PPP (current international $)"	"NY.GNP.MKTP.PP.CD"	"869387158743.66"	"930968055247.999"	"976236100644.091"	"1044695741052.49"	"1147760653744.75"	"1254916990979.12"	"1400858873425.75"	"1517045813774.02"	"1628335185892.32",
"Sub-Saharan Africa"	"SSA"	"Population, total"	"SP.POP.TOTL"	"670817822.363825"	"688252457.983015"	"705750694.926921"	"723541943"	"741707293.712605"	"760297204.024955"	"779275961.069748"	"798169488.438375"	"817956997.498484",
"Sudan"	"SDN"	"GNI, PPP (current international $)"	"NY.GNP.MKTP.PP.CD"	"37405865045.9462"	"41150594133.314"	"43627551452.1667"	"48228780077.409"	"52034664528.9271"	"57455803257.5734"	"65459536063.3249"	"72521971211.7952"	"79805346921.2047",
"Sudan"	"SDN"	"Population, total"	"SP.POP.TOTL"	"34903970"	"35667097"	"36406858"	"37142156"	"37899766"	"38698472"	"39545065"	"40432296"	"41347723",
"Suriname"	"SUR"	"GNI, PPP (current international $)"	"NY.GNP.MKTP.PP.CD"	"2055908789.06746"	"1971980219.26733"	"2247729777.82441"	"2446438511.44364"	"2707308395.10091"	"2973932505.40328"	"3217398155.33653"	"3548871281.719"	"3674475369.01529",
"Suriname"	"SUR"	"Population, total"	"SP.POP.TOTL"	"467162"	"473821"	"480588"	"487301"	"493742"	"499759"	"505283"	"510366"	"515124",
"Swaziland"	"SWZ"	"GNI, PPP (current international $)"	"NY.GNP.MKTP.PP.CD"	"3940674219.35706"	"4300483629.85075"	"4139984315.76884"	"4277993522.66292"	"4624581065.62812"	"5218256968.90925"	"5199036546.59843"	"5616835243.68078"	"5851999510.04494",
"Swaziland"	"SWZ"	"Population, total"	"SP.POP.TOTL"	"1079690"	"1092393"	"1101198"	"1107886"	"1115005"	"1124410"	"1136712"	"1151399"	"1167834",
"Sweden"	"SWE"	"GNI, PPP (current international $)"	"NY.GNP.MKTP.PP.CD"	"243868242392.083"	"246403156472.547"	"257978413474.689"	"271847393516.838"	"287877602164.213"	"291212203720.83"	"318119462263.554"	"342961645922.487"	"352016809400.819",
"Sweden"	"SWE"	"Population, total"	"SP.POP.TOTL"	"8869000"	"8894000"	"8924000"	"8956000"	"8991994"	"9024040"	"9080505"	"9148092"	"9220986",
"Switzerland"	"CHE"	"GNI, PPP (current international $)"	"NY.GNP.MKTP.PP.CD"	"244403836619.527"	"244714939873.862"	"253106822272.495"	"265054884996.245"	"275912722454.425"	"291102414746.49"	"313640034362.304"	"335262242007.164"	"354487069166.104",
"Switzerland"	"CHE"	"Population, total"	"SP.POP.TOTL"	"7184222.20010072"	"7229807.96929732"	"7284694.87768767"	"7338957.41520851"	"7389581.08170524"	"7437100"	"7483934"	"7550077"	"7630605",
"Syrian Arab Republic"	"SYR"	"GNI, PPP (current international $)"	"NY.GNP.MKTP.PP.CD"	"51946758437.768"	"56457044178.0485"	"59360916401.2999"	"61915772083.3155"	"67997952396.3462"	"73296143597.0386"	"79676131408.1114"	"86192057889.4462"	"92358158334.8129",
"Syrian Arab Republic"	"SYR"	"Population, total"	"SP.POP.TOTL"	"16510861"	"16960693"	"17438241"	"17951881"	"18511689"	"19121454"	"19789209"	"20503917"	"21226920",
"Tajikistan"	"TJK"	"GNI, PPP (current international $)"	"NY.GNP.MKTP.PP.CD"	"4969046610.14432"	"5888780949.96388"	"6539746738.13471"	"7271120630.9859"	"8458962378.50473"	"9362192776.56126"	"10302452127.4405"	"11464396880.6108"	"12744947636.3968",
"Tajikistan"	"TJK"	"Population, total"	"SP.POP.TOTL"	"6172891"	"6242790"	"6310533"	"6379311"	"6453286"	"6535538"	"6627070"	"6727377"	"6836083",
"Tanzania"	"TZA"	"GNI, PPP (current international $)"	"NY.GNP.MKTP.PP.CD"	"25536662255.4814"	"27903659794.3237"	"30160894848.8163"	"32680902260.632"	"35771140778.7657"	"39954693054.0487"	"43704163169.8372"	"46847288413.7472"	"52045031200.5594",
"Tanzania"	"TZA"	"Population, total"	"SP.POP.TOTL"	"34131312"	"35026198"	"35957575"	"36929648"	"37945476"	"39007359"	"40117243"	"41276209"	"42483923",
"Thailand"	"THA"	"GNI, PPP (current international $)"	"NY.GNP.MKTP.PP.CD"	"287705746495.283"	"297842147189.64"	"316365169055.525"	"343852325030.611"	"374682895157.877"	"423602541846.421"	"412394472186.591"	"409232124495.916"	"403400443379.106",
"Thailand"	"THA"	"Population, total"	"SP.POP.TOTL"	"62346822"	"62991263"	"63734437"	"64522878"	"65278655"	"65945675"	"66506554"	"66979359"	"67386383",
"Timor-Leste"	"TMP"	"GNI, PPP (current international $)"	"NY.GNP.MKTP.PP.CD"	"644138334.361186"	"571677431.568427"	"607410546.264614"	"628635572.860206"	"939521943.223508"	"1480976815.37344"	"2045423772.12238"	"3307869659.80709"	"5149591291.92361",
"Timor-Leste"	"TMP"	"Population, total"	"SP.POP.TOTL"	"815310"	"834521"	"866655"	"907539"	"950750"	"991601"	"1028910"	"1064141"	"1098386",
"Togo"	"TGO"	"GNI, PPP (current international $)"	"NY.GNP.MKTP.PP.CD"	"3597697610.08086"	"3676379500.83479"	"3925575859.33572"	"4123356880.78863"	"4368210749.44912"	"4548304619.57547"	"4873386478.15785"	"5096108573.7232"	"5324223707.76657",
"Togo"	"TGO"	"Population, total"	"SP.POP.TOTL"	"5247486"	"5403883"	"5553171"	"5698109"	"5843292"	"5992080"	"6144899"	"6300495"	"6458605",
"Tonga"	"TON"	"GNI, PPP (current international $)"	"NY.GNP.MKTP.PP.CD"	"291542664.685231"	"304122838.376851"	"326376929.242688"	"342166945.234663"	"351484487.985068"	"339955778.434019"	"384656617.615972"	"396653450.164397"	"401615784.793478",
"Tonga"	"TON"	"Population, total"	"SP.POP.TOTL"	"98587"	"99102"	"99749"	"100475"	"101205"	"101879"	"102495"	"103066"	"103566",
"Trinidad and Tobago"	"TTO"	"GNI, PPP (current international $)"	"NY.GNP.MKTP.PP.CD"	"13870548943.0842"	"15042977810.6273"	"16662385380.4781"	"19341356063.1916"	"21786963950.916"	"23743271067.9903"	"27516280310.6964"	"29892669828.0652"	"32032531006.4153",
"Trinidad and Tobago"	"TTO"	"Population, total"	"SP.POP.TOTL"	"1300545"	"1305464"	"1310124"	"1314639"	"1319139"	"1323722"	"1328432"	"1333049.86537085"	"1337683.7832612",
"Tunisia"	"TUN"	"GNI, PPP (current international $)"	"NY.GNP.MKTP.PP.CD"	"43896915958.6478"	"47245523615.695"	"48889083682.898"	"52914468054.0797"	"57572973217.5137"	"60933062679.8965"	"67240132150.5892"	"73008456585.4997"	"72991766639.6134",
"Tunisia"	"TUN"	"Population, total"	"SP.POP.TOTL"	"9563500"	"9673600"	"9781900"	"9839800"	"9932400"	"10029000"	"10128100"	"10225400"	"10326600",
"Turkey"	"TUR"	"GNI, PPP (current international $)"	"NY.GNP.MKTP.PP.CD"	"579738587970.781"	"546845988695.195"	"560894839014.326"	"577341729558.85"	"678970156818.632"	"772515609898.283"	"869973609323.057"	"946749346033.105"	"1017593155617.94",
"Turkey"	"TUR"	"Population, total"	"SP.POP.TOTL"	"66459578"	"67444118"	"68398135"	"69329456"	"70250173"	"71169037"	"72087928"	"73003736"	"73914260",
"Turkmenistan"	"TKM"	"GNI, PPP (current international $)"	"NY.GNP.MKTP.PP.CD"	"8685260423.02861"	"11068680249.8166"	"13072703096.9288"	"15865196356.196"	"19074900128.8533"	"21037631930.488"	"24397592343.9922"	"28043468794.7529"	"31205358370.2735",
"Turkmenistan"	"TKM"	"Population, total"	"SP.POP.TOTL"	"4502140"	"4564367"	"4629911"	"4697763"	"4766009"	"4833266"	"4899456"	"4963331.94734482"	"5028040.66809329",
"Uganda"	"UGA"	"GNI, PPP (current international $)"	"NY.GNP.MKTP.PP.CD"	"16652939872.2547"	"17870157947.2216"	"19347738380.2407"	"21044975474.8426"	"23197260595.3152"	"25206707137.8212"	"28830608783.5484"	"32312208506.9449"	"36081039021.4659",
"Uganda"	"UGA"	"Population, total"	"SP.POP.TOTL"	"24432843"	"25215902"	"26035327"	"26890404"	"27778909"	"28699255"	"29651734"	"30637544"	"31656865",
"Ukraine"	"UKR"	"GNI, PPP (current international $)"	"NY.GNP.MKTP.PP.CD"	"155991758352.901"	"176709769384.32"	"189778384036.696"	"212624030265.164"	"245019343388.747"	"259999475973.837"	"286448214191.308"	"317657959712.566"	"333483325560.072",
"Ukraine"	"UKR"	"Population, total"	"SP.POP.TOTL"	"49175847.6425165"	"48683864.5779071"	"48202500"	"47812950"	"47451600"	"47105150"	"46787750"	"46509350"	"46258200",
"United Arab Emirates"	"ARE"	"GNI, PPP (current international $)"	"NY.GNP.MKTP.PP.CD"	"134763024591.489"	"138833988361.761"	"140557856057.085"	"158818504391.267"	"179619620430.708"	".."	".."	".."	"..",
"United Arab Emirates"	"ARE"	"Population, total"	"SP.POP.TOTL"	"3247219"	"3424368"	"3602931"	"3778838"	"3947132"	"4104291"	"4248476"	"4364746.27531142"	"4484198.58034856",
"United Kingdom"	"GBR"	"GNI, PPP (current international $)"	"NY.GNP.MKTP.PP.CD"	"1507033743023.93"	"1614348506300.4"	"1715771095969.38"	"1780255810585.79"	"1914178402637.8"	"1978584093318.3"	"2063802801775.28"	"2167796467946.16"	"2218207841493.47",
"United Kingdom"	"GBR"	"Population, total"	"SP.POP.TOTL"	"58892514"	"59108687"	"59327658"	"59568776"	"59879865"	"60226473"	"60604901"	"61001341"	"61399118",
"United States"	"USA"	"GNI, PPP (current international $)"	"NY.GNP.MKTP.PP.CD"	"9930900000000"	"10209200000000"	"10469200000000"	"10916100000000"	"11687900000000"	"12439300000000"	"13209000000000"	"13827247296581.9"	"14282672470983.4",
"United States"	"USA"	"Population, total"	"SP.POP.TOTL"	"282172000"	"285040000"	"287727000"	"290211000"	"292892000"	"295561000"	"298363000"	"301290000"	"304060000",
"Upper middle income"	"UMC"	"GNI, PPP (current international $)"	"NY.GNP.MKTP.PP.CD"	"6518803168226.01"	"6776284706501.77"	"7033274553756.72"	"7528851522441.76"	"8286912956861.32"	"9060873406117.28"	"9930553242507.41"	"10878440421174.9"	"11663473384103.3",
"Upper middle income"	"UMC"	"Population, total"	"SP.POP.TOTL"	"888388406.951858"	"896268591.755302"	"903752081.159205"	"911288089.300378"	"918707205.233997"	"926091675.747488"	"933416727.411526"	"940704596.788199"	"948454298.594077",
"Uruguay"	"URY"	"GNI, PPP (current international $)"	"NY.GNP.MKTP.PP.CD"	"26968934491.6808"	"26674063614.0261"	"24363711155.3985"	"24250487872.0942"	"27824624167.3822"	"31087124134.717"	"33798611313.0459"	"37568496174.0856"	"41808869664.4611",
"Uruguay"	"URY"	"Population, total"	"SP.POP.TOTL"	"3300847.40789493"	"3308356.42478972"	"3308526.67574176"	"3303539.56833953"	"3301732"	"3305723"	"3314466"	"3323906"	"3334052",
"Uzbekistan"	"UZB"	"GNI, PPP (current international $)"	"NY.GNP.MKTP.PP.CD"	"35035787135.834"	"37308225578.2036"	"39600723776.1615"	"42293643775.3375"	"47208155407.3425"	"52270336944.7593"	"58090921582.3107"	"65324236298.0448"	"72564707212.9316",
"Uzbekistan"	"UZB"	"Population, total"	"SP.POP.TOTL"	"24650000"	"24967000"	"25271800"	"25567700"	"25864386"	"26167369"	"26485800"	"26867800"	"27313700",
"Vanuatu"	"VUT"	"GNI, PPP (current international $)"	"NY.GNP.MKTP.PP.CD"	"556267243.807219"	"574784242.340889"	"524702968.713376"	"550638941.810311"	"596281123.025359"	"645846482.058989"	"731642213.20797"	"798205124.548859"	"909766396.429595",
"Vanuatu"	"VUT"	"Population, total"	"SP.POP.TOTL"	"189723"	"194194"	"199150"	"204462"	"209918"	"215366"	"220772"	"225897.71370948"	"231142.43227932",
"Venezuela, RB"	"VEN"	"GNI, PPP (current international $)"	"NY.GNP.MKTP.PP.CD"	"203301944530.625"	"214266701699.706"	"196035871535.022"	"185008264129.805"	"224041345914.457"	"259656817650.3"	"298450567043.487"	"337849932873.682"	"358600978551.854",
"Venezuela, RB"	"VEN"	"Population, total"	"SP.POP.TOTL"	"24311000"	"24765000"	"25220000"	"25674000"	"26127000"	"26577000"	"27031000"	"27483000"	"27943249.3207442",
"Vietnam"	"VNM"	"GNI, PPP (current international $)"	"NY.GNP.MKTP.PP.CD"	"108139394815.745"	"118493503556.796"	"128749753626.535"	"141172813083.919"	"156090222058.551"	"174514409530.01"	"194510243125.39"	"215365838360.102"	"232889848596.997",
"Vietnam"	"VNM"	"Population, total"	"SP.POP.TOTL"	"77635400"	"78685800"	"79727400"	"80902400"	"82031700"	"83106300"	"84136800"	"85154900"	"86210781",
"Virgin Islands (U.S.)"	"VIR"	"GNI, PPP (current international $)"	"NY.GNP.MKTP.PP.CD"	".."	".."	".."	".."	".."	".."	".."	".."	"..",
"Virgin Islands (U.S.)"	"VIR"	"Population, total"	"SP.POP.TOTL"	"108639"	"108747"	"108923"	"109148"	"109354"	"109600"	"109764"	"109821"	"109840",
"West Bank and Gaza"	"WBG"	"GNI, PPP (current international $)"	"NY.GNP.MKTP.PP.CD"	".."	".."	".."	".."	".."	".."	".."	".."	"..",
"West Bank and Gaza"	"WBG"	"Population, total"	"SP.POP.TOTL"	"2913950.02127699"	"3016020.88534047"	"3121667.12345449"	"3231013.97507617"	"3344191.06659426"	"3461332.56499616"	"3582577.3369176"	"3708069.11326357"	"3837956.65959562",
"World"	"WLD"	"GNI, PPP (current international $)"	"NY.GNP.MKTP.PP.CD"	"41851846882563.6"	"43900161496949.1"	"45851501840486.1"	"48431029049347.5"	"52367305804082"	"56416078727194.2"	"61098642776341.6"	"65815297337626.9"	"69308958248870.6",
"World"	"WLD"	"Population, total"	"SP.POP.TOTL"	"6078274622.10676"	"6155652495.27323"	"6232413711.22778"	"6309266582.53796"	"6385778679.01098"	"6462054420.20326"	"6538196688.16526"	"6614396906.79417"	"6692030277.27156",
"Yemen, Rep."	"YEM"	"GNI, PPP (current international $)"	"NY.GNP.MKTP.PP.CD"	"31074596913.5409"	"32705630345.3246"	"34317106056.5276"	"35656341080.9206"	"38466226535.6363"	"41917102162.4612"	"46146717723.9222"	"54536385578.1638"	"50877715011.73",
"Yemen, Rep."	"YEM"	"Population, total"	"SP.POP.TOTL"	"18181733"	"18729750"	"19294631"	"19877497"	"20477919"	"21095679"	"21732247"	"22383108.0453481"	"23053461.7874409",
"Zambia"	"ZMB"	"GNI, PPP (current international $)"	"NY.GNP.MKTP.PP.CD"	"8822425090.13965"	"9504997702.2467"	"9983210778.81164"	"10863075263.8868"	"11289289926.1107"	"12496584178.5524"	"12905580651.2073"	"13882521690.4164"	"15522764308.2729",
"Zambia"	"ZMB"	"Population, total"	"SP.POP.TOTL"	"10467278"	"10723651"	"10972245"	"11218960"	"11472278"	"11738432"	"12019481"	"12313942"	"12620219",
"Zimbabwe"	"ZWE"	"GNI, PPP (current international $)"	"NY.GNP.MKTP.PP.CD"	".."	".."	".."	".."	".."	".."	".."	".."	"..",
"Zimbabwe"	"ZWE"	"Population, total"	"SP.POP.TOTL"	"12455362"	"12502406"	"12517662"	"12510191"	"12492297"	"12475084"	"12459352"	"12449219"	"12462879",
